1/10/2020 2:03:03 PM,UNIT 11130
1/10/2020 2:03:03 PM,333 CHAL 6451DF65
1/10/2020 2:03:03 PM,RESP ec7df769
1/10/2020 2:03:03 PM,230 Auth OK
1/10/2020 2:03:10 PM,EVSEQ
1/10/2020 2:03:10 PM,214 EVSEQ 2197
1/10/2020 2:03:10 PM,TODO
1/10/2020 2:03:10 PM,226 Nothing to do
1/10/2020 2:03:10 PM,QUIT
1/10/2020 2:03:10 PM,221 Session ended - goodbye
1/10/2020 2:03:11 PM,UNIT 11130
1/10/2020 2:03:11 PM,333 CHAL 65739BF9
1/10/2020 2:03:11 PM,RESP 247e24d1
1/10/2020 2:03:11 PM,230 Auth OK
1/10/2020 2:03:11 PM,EVCOUNT 25
1/10/2020 2:03:11 PM,252 Event OK
1/10/2020 2:03:11 PM,TODO
1/10/2020 2:03:11 PM,226 Nothing to do
1/10/2020 2:03:11 PM,EVENT 2198 1601503484 -319770712/1159569485/9145/21/0 SIGNON 16774 01DDB954 OK 26 3425 0 v:258
1/10/2020 2:03:11 PM,252 Event OK
1/10/2020 2:03:11 PM,EVENT 2199 1601504616 -319767022/1159601769/11702/17/3 REPORT 2198 1 12 v:253
1/10/2020 2:03:11 PM,252 Event OK
1/10/2020 2:03:11 PM,EVENT 2200 1601506446 -319774189/1159599021/14595/20/0 REPORT 2198 0 235 v:254
1/10/2020 2:03:11 PM,252 Event OK
1/10/2020 2:03:11 PM,EVENT 2201 1601508276 -319767620/1159603985/11263/21/0 REPORT 2198 1 227 v:254
1/10/2020 2:03:11 PM,252 Event OK
1/10/2020 2:03:12 PM,EVENT 2202 1601510106 -319764456/1159600279/29398/22/0 REPORT 2198 2 38 v:254
1/10/2020 2:03:12 PM,252 Event OK
1/10/2020 2:03:12 PM,EVENT 2203 1601511936 -319773493/1159585552/15526/17/0 REPORT 2198 0 28 v:253
1/10/2020 2:03:12 PM,252 Event OK
1/10/2020 2:03:12 PM,EVENT 2204 1601513766 -319769487/1159576662/17141/20/0 REPORT 2198 0 65 v:253
1/10/2020 2:03:12 PM,252 Event OK
1/10/2020 2:03:12 PM,EVENT 2205 1601515300 -319771476/1159566721/12684/25/0 XSIDLESTART 2198 v:255
1/10/2020 2:03:12 PM,252 Event OK
1/10/2020 2:03:12 PM,EVENT 2206 1601515596 -319773087/1159569728/10266/26/0 REPORT 2198 0 236 v:255
1/10/2020 2:03:12 PM,252 Event OK
1/10/2020 2:03:12 PM,EVENT 2207 1601516083 -319769641/1159570664/10040/20/0 XSIDLE 2198 1082 v:255
1/10/2020 2:03:12 PM,252 Event OK
1/10/2020 2:03:12 PM,EVENT 2208 1601517426 -319770721/1159581140/15649/21/1 REPORT 2198 1 207 v:248
1/10/2020 2:03:12 PM,252 Event OK
1/10/2020 2:03:12 PM,EVENT 2209 1601519256 -319773322/1159571897/21550/17/0 REPORT 2198 0 51 v:252
1/10/2020 2:03:12 PM,252 Event OK
1/10/2020 2:03:12 PM,EVENT 2210 1601521051 -319769014/1159592909/28652/25/1 IMPACT 2198 10 0 0 0 10 0 - v:247
1/10/2020 2:03:12 PM,252 Event OK
1/10/2020 2:03:12 PM,EVENT 2211 1601521086 -319766898/1159600392/14628/22/8 REPORT 2198 1 73 v:248
1/10/2020 2:03:12 PM,252 Event OK
1/10/2020 2:03:13 PM,EVENT 2212 1601522916 -319770287/1159596389/24880/20/5 REPORT 2198 4 12 v:251
1/10/2020 2:03:13 PM,252 Event OK
1/10/2020 2:03:13 PM,EVENT 2213 1601524746 -319767622/1159581977/17683/21/0 REPORT 2198 1 223 v:249
1/10/2020 2:03:13 PM,252 Event OK
1/10/2020 2:03:13 PM,EVENT 2214 1601525179 -319767380/1159574848/22822/24/0 XSIDLESTART 2198 v:252
1/10/2020 2:03:13 PM,252 Event OK
1/10/2020 2:03:13 PM,EVENT 2215 1601526576 -319769871/1159569563/8710/21/0 REPORT 2198 0 129 v:253
1/10/2020 2:03:13 PM,252 Event OK
1/10/2020 2:03:13 PM,EVENT 2216 1601526968 -319770580/1159569558/10762/21/0 XSIDLE 2198 2089 v:251
1/10/2020 2:03:13 PM,252 Event OK
1/10/2020 2:03:13 PM,EVENT 2217 1601528406 -319769875/1159585148/14301/20/0 REPORT 2198 0 50 v:251
1/10/2020 2:03:13 PM,252 Event OK
1/10/2020 2:03:13 PM,EVENT 2218 1601530236 -319777334/1159579856/23632/17/4 REPORT 2198 1 133 v:245
1/10/2020 2:03:13 PM,252 Event OK
1/10/2020 2:03:13 PM,EVENT 2219 1601532066 -319765830/1159597176/33926/20/0 REPORT 2198 6 152 v:250
1/10/2020 2:03:13 PM,252 Event OK
1/10/2020 2:03:13 PM,EVENT 2220 1601533175 -319773147/1159583131/13320/17/0 IMPACT 2198 10 0 0 0 10 0 - v:246
1/10/2020 2:03:13 PM,252 Event OK
1/10/2020 2:03:14 PM,EVENT 2221 1601533896 -319760965/1159592405/14961/23/0 REPORT 2198 1 97 v:250
1/10/2020 2:03:14 PM,252 Event OK
1/10/2020 2:03:16 PM,EVENT 2222 1601534479 -319768915/1159571781/10293/23/0 TRIP 2198 14120 0 16875 2089 30995 v:249
1/10/2020 2:03:16 PM,252 Event OK
1/10/2020 2:03:16 PM,QUIT
1/10/2020 2:03:16 PM,221 Session ended - goodbye
2/10/2020 2:01:45 PM,UNIT 11130
2/10/2020 2:01:45 PM,333 CHAL 7C4E6129
2/10/2020 2:01:45 PM,RESP 69398a95
2/10/2020 2:01:45 PM,230 Auth OK
2/10/2020 2:01:52 PM,EVSEQ
2/10/2020 2:01:52 PM,214 EVSEQ 2222
2/10/2020 2:01:52 PM,TODO
2/10/2020 2:01:52 PM,226 Nothing to do
2/10/2020 2:01:52 PM,QUIT
2/10/2020 2:01:52 PM,221 Session ended - goodbye
2/10/2020 2:01:52 PM,UNIT 11130
2/10/2020 2:01:52 PM,333 CHAL BAC05FD
2/10/2020 2:01:52 PM,RESP 086b913a
2/10/2020 2:01:52 PM,230 Auth OK
2/10/2020 2:01:52 PM,EVCOUNT 37
2/10/2020 2:01:52 PM,252 Event OK
2/10/2020 2:01:52 PM,TODO
2/10/2020 2:01:52 PM,226 Nothing to do
2/10/2020 2:01:53 PM,EVENT 2223 1601589749 0/0/0/24/0 SIGNON 16773 01DDB957 OK_CL 26 1129 0 v:262
2/10/2020 2:01:53 PM,252 Event OK
2/10/2020 2:01:53 PM,EVENT 2224 1601589771 0/0/0/24/0 CHECKLIST 2223 OK 0 22 6529 F v:261
2/10/2020 2:01:53 PM,252 Event OK
2/10/2020 2:01:53 PM,EVENT 2225 1601591486 0/0/0/19/0 REPORT 2223 0 0 v:259
2/10/2020 2:01:53 PM,252 Event OK
2/10/2020 2:01:53 PM,EVENT 2226 1601593316 -319766282/1159600689/25040/19/0 REPORT 2223 0 49 v:259
2/10/2020 2:01:53 PM,252 Event OK
2/10/2020 2:01:53 PM,EVENT 2227 1601595146 -319769112/1159601691/26419/24/3 REPORT 2223 1 78 v:255
2/10/2020 2:01:53 PM,252 Event OK
2/10/2020 2:01:54 PM,EVENT 2228 1601596976 0/0/0/17/0 REPORT 2223 0 0 v:257
2/10/2020 2:01:54 PM,252 Event OK
2/10/2020 2:01:54 PM,EVENT 2229 1601598806 -319776336/1159585252/16510/18/4 REPORT 2223 1 185 v:254
2/10/2020 2:01:54 PM,252 Event OK
2/10/2020 2:01:55 PM,EVENT 2230 1601599577 -319773538/1159568175/10638/25/0 XSIDLESTART 2223 v:260
2/10/2020 2:01:55 PM,252 Event OK
2/10/2020 2:01:56 PM,EVENT 2231 1601600636 -319772589/1159569646/9652/25/0 REPORT 2223 0 27 v:261
2/10/2020 2:01:56 PM,252 Event OK
2/10/2020 2:01:56 PM,EVENT 2232 1601601320 -319772077/1159569499/10858/24/0 XSIDLE 2223 2043 v:260
2/10/2020 2:01:56 PM,252 Event OK
2/10/2020 2:01:56 PM,EVENT 2233 1601602466 -319773944/1159584608/21858/20/0 REPORT 2223 1 2 v:258
2/10/2020 2:01:56 PM,252 Event OK
2/10/2020 2:01:56 PM,EVENT 2234 1601603875 -319771054/1159586109/18010/20/0 XSIDLESTART 2223 v:260
2/10/2020 2:01:56 PM,252 Event OK
2/10/2020 2:01:56 PM,EVENT 2235 1601603964 -319768252/1159585724/16604/21/0 XSIDLE 2223 389 v:259
2/10/2020 2:01:56 PM,252 Event OK
2/10/2020 2:01:56 PM,EVENT 2236 1601604296 -319774298/1159585959/16800/16/2 REPORT 2223 0 55 v:256
2/10/2020 2:01:56 PM,252 Event OK
2/10/2020 2:01:56 PM,EVENT 2237 1601606126 -319773160/1159583229/14959/21/0 REPORT 2223 1 75 v:257
2/10/2020 2:01:56 PM,252 Event OK
2/10/2020 2:01:56 PM,EVENT 2238 1601607956 -319765449/1159601862/10685/21/0 REPORT 2223 0 253 v:257
2/10/2020 2:01:56 PM,252 Event OK
2/10/2020 2:01:57 PM,EVENT 2239 1601609111 -319775466/1159568194/19848/23/0 XSIDLESTART 2223 v:259
2/10/2020 2:01:57 PM,252 Event OK
2/10/2020 2:01:57 PM,EVENT 2240 1601609669 -319772745/1159568022/15305/22/0 XSIDLE 2223 858 v:259
2/10/2020 2:01:57 PM,252 Event OK
2/10/2020 2:01:57 PM,EVENT 2241 1601609786 -319771794/1159587751/16980/19/9 REPORT 2223 5 68 v:249
2/10/2020 2:01:57 PM,252 Event OK
2/10/2020 2:01:57 PM,EVENT 2242 1601611616 -319770983/1159600728/28463/18/0 REPORT 2223 2 219 v:256
2/10/2020 2:01:57 PM,252 Event OK
2/10/2020 2:01:57 PM,EVENT 2243 1601613446 0/0/0/16/8 REPORT 2223 0 0 v:247
2/10/2020 2:01:57 PM,252 Event OK
2/10/2020 2:01:57 PM,EVENT 2244 1601615276 -319770984/1159598690/19539/16/0 REPORT 2223 1 250 v:257
2/10/2020 2:01:57 PM,252 Event OK
2/10/2020 2:01:57 PM,EVENT 2245 1601617106 0/0/0/20/3 REPORT 2223 0 0 v:251
2/10/2020 2:01:57 PM,252 Event OK
2/10/2020 2:01:57 PM,EVENT 2246 1601618936 -319773293/1159593400/47759/18/0 REPORT 2223 1 232 v:256
2/10/2020 2:01:57 PM,252 Event OK
2/10/2020 2:01:57 PM,EVENT 2247 1601620766 -319767876/1159608526/55770/19/4 REPORT 2223 2 55 v:250
2/10/2020 2:01:57 PM,252 Event OK
2/10/2020 2:01:57 PM,EVENT 2248 1601621223 -319774709/1159567504/11377/23/0 XSIDLESTART 2223 v:257
2/10/2020 2:01:57 PM,252 Event OK
2/10/2020 2:01:57 PM,EVENT 2249 1601622526 -319775483/1159566616/14289/22/0 XSIDLE 2223 1603 v:256
2/10/2020 2:01:57 PM,252 Event OK
2/10/2020 2:01:58 PM,EVENT 2250 1601622596 -319772578/1159580236/18796/19/8 REPORT 2223 2 80 v:249
2/10/2020 2:01:58 PM,252 Event OK
2/10/2020 2:01:58 PM,EVENT 2251 1601624426 -319773565/1159572176/12179/17/0 REPORT 2223 0 249 v:254
2/10/2020 2:01:58 PM,252 Event OK
2/10/2020 2:01:58 PM,EVENT 2252 1601624721 -319773834/1159566213/11856/19/0 XSIDLESTART 2223 v:256
2/10/2020 2:01:58 PM,252 Event OK
2/10/2020 2:01:58 PM,EVENT 2253 1601626256 -319773548/1159570021/8436/19/0 REPORT 2223 0 73 v:257
2/10/2020 2:01:58 PM,252 Event OK
2/10/2020 2:01:58 PM,EVENT 2254 1601626546 -319773108/1159569069/10289/19/0 XSIDLE 2223 2125 v:257
2/10/2020 2:01:58 PM,252 Event OK
2/10/2020 2:01:58 PM,EVENT 2255 1601628086 -319770975/1159599983/13802/17/0 REPORT 2223 0 143 v:255
2/10/2020 2:01:58 PM,252 Event OK
2/10/2020 2:01:58 PM,EVENT 2256 1601629916 -319775309/1159570787/9887/17/0 REPORT 2223 0 99 v:255
2/10/2020 2:01:58 PM,252 Event OK
2/10/2020 2:01:58 PM,EVENT 2257 1601630138 -319776013/1159570885/6084/17/0 XSIDLESTART 2223 v:256
2/10/2020 2:01:58 PM,252 Event OK
2/10/2020 2:01:58 PM,EVENT 2258 1601630449 -319774991/1159571818/9783/19/0 XSIDLE 2223 611 v:256
2/10/2020 2:01:58 PM,252 Event OK
2/10/2020 2:02:02 PM,EVENT 2259 1601630468 -319775325/1159571300/8685/19/0 TRIP 2223 15631 0 25086 2125 40717 v:255
2/10/2020 2:02:02 PM,252 Event OK
2/10/2020 2:02:02 PM,QUIT
2/10/2020 2:02:02 PM,221 Session ended - goodbye
3/10/2020 2:01:20 PM,UNIT 11130
3/10/2020 2:01:20 PM,333 CHAL 336F98B1
3/10/2020 2:01:20 PM,RESP dfe814a1
3/10/2020 2:01:20 PM,230 Auth OK
3/10/2020 2:01:26 PM,EVSEQ
3/10/2020 2:01:26 PM,214 EVSEQ 2259
3/10/2020 2:01:26 PM,TODO
3/10/2020 2:01:26 PM,226 Nothing to do
3/10/2020 2:01:26 PM,QUIT
3/10/2020 2:01:26 PM,221 Session ended - goodbye
3/10/2020 2:01:27 PM,UNIT 11130
3/10/2020 2:01:27 PM,333 CHAL 1E3BB000
3/10/2020 2:01:28 PM,RESP 3fcd490d
3/10/2020 2:01:28 PM,230 Auth OK
3/10/2020 2:01:28 PM,EVCOUNT 28
3/10/2020 2:01:28 PM,252 Event OK
3/10/2020 2:01:28 PM,TODO
3/10/2020 2:01:28 PM,226 Nothing to do
3/10/2020 2:01:28 PM,EVENT 2260 1601676121 -319771196/1159568913/6727/20/0 SIGNON 16777 01DDB94F OK_CL 26 4358 0 v:248
3/10/2020 2:01:28 PM,252 Event OK
3/10/2020 2:01:28 PM,EVENT 2261 1601676146 -319770761/1159568908/9051/21/0 REPORT 2260 1 95 v:248
3/10/2020 2:01:28 PM,252 Event OK
3/10/2020 2:01:28 PM,EVENT 2262 1601676275 -319769962/1159570366/8735/22/0 CHECKLIST 2260 OK 0 154 6529 F v:248
3/10/2020 2:01:28 PM,252 Event OK
3/10/2020 2:01:28 PM,EVENT 2263 1601676571 -319771539/1159569484/8394/21/0 XSIDLESTART 2260 v:249
3/10/2020 2:01:28 PM,252 Event OK
3/10/2020 2:01:28 PM,EVENT 2264 1601676580 -319771773/1159569668/8496/21/0 XSIDLE 2260 309 v:248
3/10/2020 2:01:28 PM,252 Event OK
3/10/2020 2:01:28 PM,EVENT 2265 1601677976 -319773242/1159590262/16694/19/0 REPORT 2260 2 127 v:248
3/10/2020 2:01:28 PM,252 Event OK
3/10/2020 2:01:28 PM,EVENT 2266 1601679806 0/0/0/21/0 REPORT 2260 0 0 v:249
3/10/2020 2:01:28 PM,252 Event OK
3/10/2020 2:01:28 PM,EVENT 2267 1601679949 0/0/0/19/0 XSIDLESTART 2260 v:249
3/10/2020 2:01:28 PM,252 Event OK
3/10/2020 2:01:29 PM,EVENT 2268 1601679950 0/0/0/19/0 XSIDLE 2260 300 v:249
3/10/2020 2:01:29 PM,252 Event OK
3/10/2020 2:01:29 PM,EVENT 2269 1601681636 -319765443/1159603763/19199/20/0 REPORT 2260 1 19 v:248
3/10/2020 2:01:29 PM,252 Event OK
3/10/2020 2:01:29 PM,EVENT 2270 1601683466 -319766165/1159603265/17490/20/0 REPORT 2260 0 43 v:247
3/10/2020 2:01:29 PM,252 Event OK
3/10/2020 2:01:29 PM,EVENT 2271 1601685296 -319770706/1159601562/18079/22/5 REPORT 2260 1 215 v:235
3/10/2020 2:01:29 PM,252 Event OK
3/10/2020 2:01:29 PM,EVENT 2272 1601687126 -319762993/1159599978/26831/15/0 REPORT 2260 3 29 v:245
3/10/2020 2:01:29 PM,252 Event OK
3/10/2020 2:01:29 PM,EVENT 2273 1601687587 -319772977/1159569143/12280/21/0 XSIDLESTART 2260 v:247
3/10/2020 2:01:29 PM,252 Event OK
3/10/2020 2:01:29 PM,EVENT 2274 1601688550 -319770122/1159569622/12422/21/0 XSIDLE 2260 1263 v:246
3/10/2020 2:01:29 PM,252 Event OK
3/10/2020 2:01:29 PM,EVENT 2275 1601688956 -319763278/1159597134/35290/14/10 REPORT 2260 0 133 v:241
3/10/2020 2:01:29 PM,252 Event OK
3/10/2020 2:01:29 PM,EVENT 2276 1601690786 -319770697/1159589641/25621/18/0 REPORT 2260 3 25 v:246
3/10/2020 2:01:29 PM,252 Event OK
3/10/2020 2:01:30 PM,EVENT 2277 1601692616 -319768528/1159593550/18970/16/9 REPORT 2260 2 91 v:241
3/10/2020 2:01:30 PM,252 Event OK
3/10/2020 2:01:30 PM,EVENT 2278 1601694446 -319773434/1159590694/24330/14/1 REPORT 2260 1 233 v:246
3/10/2020 2:01:30 PM,252 Event OK
3/10/2020 2:01:30 PM,EVENT 2279 1601694791 -319767257/1159581884/21414/15/10 IMPACT 2260 10 0 0 0 10 0 - v:237
3/10/2020 2:01:30 PM,252 Event OK
3/10/2020 2:01:30 PM,EVENT 2280 1601696276 -319769634/1159602582/17750/15/0 REPORT 2260 0 245 v:246
3/10/2020 2:01:30 PM,252 Event OK
3/10/2020 2:01:30 PM,EVENT 2281 1601698106 -319767404/1159599311/21902/19/0 REPORT 2260 0 2 v:245
3/10/2020 2:01:30 PM,252 Event OK
3/10/2020 2:01:30 PM,EVENT 2282 1601699225 -319778870/1159558266/53615/23/0 XSIDLESTART 2260 v:246
3/10/2020 2:01:30 PM,252 Event OK
3/10/2020 2:01:30 PM,EVENT 2283 1601699936 -319774274/1159568107/18662/23/0 REPORT 2260 0 11 v:246
3/10/2020 2:01:30 PM,252 Event OK
3/10/2020 2:01:30 PM,EVENT 2284 1601701129 -319773802/1159570022/12845/21/0 XSIDLE 2260 2205 v:245
3/10/2020 2:01:30 PM,252 Event OK
3/10/2020 2:01:30 PM,EVENT 2285 1601701766 -319769419/1159599355/15489/23/0 REPORT 2260 1 32 v:246
3/10/2020 2:01:30 PM,252 Event OK
3/10/2020 2:01:30 PM,EVENT 2286 1601703596 0/0/0/14/0 REPORT 2260 0 0 v:244
3/10/2020 2:01:30 PM,252 Event OK
3/10/2020 2:01:31 PM,EVENT 2287 1601705143 -319771592/1159570078/12174/19/0 TRIP 2260 8898 0 20121 2205 29019 v:244
3/10/2020 2:01:31 PM,252 Event OK
3/10/2020 2:01:31 PM,QUIT
3/10/2020 2:01:31 PM,221 Session ended - goodbye
5/10/2020 12:24:13 AM,UNIT 11130
5/10/2020 12:24:13 AM,333 CHAL 502B1C41
5/10/2020 12:24:13 AM,RESP fbbf3f9e
5/10/2020 12:24:13 AM,230 Auth OK
5/10/2020 12:24:22 AM,EVSEQ
5/10/2020 12:24:22 AM,214 EVSEQ 2287
5/10/2020 12:24:23 AM,TODO
5/10/2020 12:24:23 AM,226 Nothing to do
5/10/2020 12:24:23 AM,QUIT
5/10/2020 12:24:23 AM,221 Session ended - goodbye
5/10/2020 12:24:23 AM,UNIT 11130
5/10/2020 12:24:23 AM,333 CHAL C369C50
5/10/2020 12:24:23 AM,RESP b8cc0856
5/10/2020 12:24:23 AM,230 Auth OK
5/10/2020 12:24:24 AM,EVCOUNT 15
5/10/2020 12:24:24 AM,252 Event OK
5/10/2020 12:24:24 AM,TODO
5/10/2020 12:24:24 AM,226 Nothing to do
5/10/2020 12:24:24 AM,EVENT 2288 1601762657 0/0/0/0/0 SIGNON 16773 01DDB957 OK 26 1278 0 v:262
5/10/2020 12:24:24 AM,252 Event OK
5/10/2020 12:24:24 AM,EVENT 2289 1601765462 -319764928/1159600001/11001/20/9 REPORT 2288 2 113 v:256
5/10/2020 12:24:24 AM,252 Event OK
5/10/2020 12:24:24 AM,EVENT 2290 1601767292 -319765610/1159602480/12007/16/0 REPORT 2288 2 98 v:258
5/10/2020 12:24:24 AM,252 Event OK
5/10/2020 12:24:24 AM,EVENT 2291 1601769122 -319764244/1159598185/5410/22/0 REPORT 2288 0 8 v:260
5/10/2020 12:24:24 AM,252 Event OK
5/10/2020 12:24:24 AM,EVENT 2292 1601770952 -319771540/1159601257/13400/17/4 REPORT 2288 3 115 v:249
5/10/2020 12:24:24 AM,252 Event OK
5/10/2020 12:24:24 AM,EVENT 2293 1601772782 -319767412/1159584765/14268/24/0 REPORT 2288 1 3 v:259
5/10/2020 12:24:24 AM,252 Event OK
5/10/2020 12:24:24 AM,EVENT 2294 1601774612 -319773875/1159584256/17216/16/0 REPORT 2288 1 47 v:259
5/10/2020 12:24:24 AM,252 Event OK
5/10/2020 12:24:24 AM,EVENT 2295 1601776442 -319764071/1159599397/8537/26/0 REPORT 2288 0 13 v:258
5/10/2020 12:24:24 AM,252 Event OK
5/10/2020 12:24:25 AM,EVENT 2296 1601777126 -319765868/1159570691/11119/23/0 XSIDLESTART 2288 v:260
5/10/2020 12:24:25 AM,252 Event OK
5/10/2020 12:24:25 AM,EVENT 2297 1601777811 -319767840/1159569236/9930/27/0 XSIDLE 2288 985 v:260
5/10/2020 12:24:25 AM,252 Event OK
5/10/2020 12:24:25 AM,EVENT 2298 1601778272 -319765411/1159600830/11501/18/0 REPORT 2288 0 126 v:258
5/10/2020 12:24:25 AM,252 Event OK
5/10/2020 12:24:25 AM,EVENT 2299 1601780102 -319769756/1159600600/12858/19/0 REPORT 2288 1 27 v:259
5/10/2020 12:24:25 AM,252 Event OK
5/10/2020 12:24:25 AM,EVENT 2300 1601781932 -319768672/1159597841/12976/20/0 REPORT 2288 0 30 v:258
5/10/2020 12:24:25 AM,252 Event OK
5/10/2020 12:24:25 AM,EVENT 2301 1601783762 0/0/0/20/0 REPORT 2288 0 0 v:256
5/10/2020 12:24:25 AM,252 Event OK
5/10/2020 12:24:25 AM,EVENT 2302 1601785106 -319775541/1159571548/7270/16/0 TRIP 2288 7370 0 14122 985 21492 v:256
5/10/2020 12:24:25 AM,252 Event OK
5/10/2020 12:24:26 AM,QUIT
5/10/2020 12:24:26 AM,221 Session ended - goodbye
5/10/2020 2:01:22 PM,UNIT 11130
5/10/2020 2:01:22 PM,333 CHAL 42765882
5/10/2020 2:01:22 PM,RESP c55b5666
5/10/2020 2:01:22 PM,230 Auth OK
5/10/2020 2:01:27 PM,EVSEQ
5/10/2020 2:01:27 PM,214 EVSEQ 2302
5/10/2020 2:01:28 PM,TODO
5/10/2020 2:01:28 PM,226 Nothing to do
5/10/2020 2:01:28 PM,QUIT
5/10/2020 2:01:28 PM,221 Session ended - goodbye
5/10/2020 2:01:29 PM,UNIT 11130
5/10/2020 2:01:29 PM,333 CHAL D276314
5/10/2020 2:01:29 PM,RESP 9af3aad9
5/10/2020 2:01:29 PM,230 Auth OK
5/10/2020 2:01:29 PM,EVCOUNT 25
5/10/2020 2:01:29 PM,252 Event OK
5/10/2020 2:01:29 PM,TODO
5/10/2020 2:01:29 PM,226 Nothing to do
5/10/2020 2:01:29 PM,EVENT 2303 1601848994 0/0/0/0/0 SIGNON 16777 01DDB94F OK_CL 26 3605 0 v:260
5/10/2020 2:01:29 PM,252 Event OK
5/10/2020 2:01:29 PM,EVENT 2304 1601849036 0/0/0/19/0 CHECKLIST 2303 OK 0 42 6529 F v:260
5/10/2020 2:01:29 PM,252 Event OK
5/10/2020 2:01:29 PM,EVENT 2305 1601851775 -319769518/1159572094/16999/19/0 REPORT 2303 3 94 v:257
5/10/2020 2:01:29 PM,252 Event OK
5/10/2020 2:01:30 PM,EVENT 2306 1601851957 -319782183/1159570518/31739/22/1 IMPACT 2303 11 0 0 0 11 0 - v:252
5/10/2020 2:01:30 PM,252 Event OK
5/10/2020 2:01:30 PM,EVENT 2307 1601853605 -319767371/1159586074/11427/25/0 REPORT 2303 0 70 v:257
5/10/2020 2:01:30 PM,252 Event OK
5/10/2020 2:01:30 PM,EVENT 2308 1601855435 -319766796/1159585047/8557/20/1 REPORT 2303 0 77 v:255
5/10/2020 2:01:30 PM,252 Event OK
5/10/2020 2:01:30 PM,EVENT 2309 1601857265 -319777314/1159587907/23318/21/0 REPORT 2303 6 87 v:256
5/10/2020 2:01:30 PM,252 Event OK
5/10/2020 2:01:30 PM,EVENT 2310 1601859095 -319769608/1159600275/46087/18/0 REPORT 2303 21 217 v:255
5/10/2020 2:01:30 PM,252 Event OK
5/10/2020 2:01:30 PM,EVENT 2311 1601860925 -319773294/1159593314/20398/15/0 REPORT 2303 2 63 v:257
5/10/2020 2:01:30 PM,252 Event OK
5/10/2020 2:01:30 PM,EVENT 2312 1601862755 -319765868/1159586182/34181/19/6 REPORT 2303 9 153 v:249
5/10/2020 2:01:30 PM,252 Event OK
5/10/2020 2:01:30 PM,EVENT 2313 1601863185 -319771665/1159569556/10964/24/0 XSIDLESTART 2303 v:258
5/10/2020 2:01:30 PM,252 Event OK
5/10/2020 2:01:30 PM,EVENT 2314 1601863627 -319774252/1159570559/8410/23/0 XSIDLE 2303 741 v:258
5/10/2020 2:01:30 PM,252 Event OK
5/10/2020 2:01:30 PM,EVENT 2315 1601864585 -319771972/1159583851/16289/23/0 REPORT 2303 2 165 v:255
5/10/2020 2:01:30 PM,252 Event OK
5/10/2020 2:01:31 PM,EVENT 2316 1601866415 -319776123/1159580627/12544/20/1 REPORT 2303 0 56 v:253
5/10/2020 2:01:31 PM,252 Event OK
5/10/2020 2:01:31 PM,EVENT 2317 1601868245 -319772379/1159575890/19833/19/7 REPORT 2303 2 26 v:241
5/10/2020 2:01:31 PM,252 Event OK
5/10/2020 2:01:31 PM,EVENT 2318 1601869864 -319773060/1159567825/8467/23/0 XSIDLESTART 2303 v:257
5/10/2020 2:01:31 PM,252 Event OK
5/10/2020 2:01:31 PM,EVENT 2319 1601870075 -319772106/1159568717/8118/23/0 REPORT 2303 0 53 v:257
5/10/2020 2:01:31 PM,252 Event OK
5/10/2020 2:01:31 PM,EVENT 2320 1601871484 -319769952/1159569994/10455/22/0 XSIDLE 2303 1920 v:257
5/10/2020 2:01:31 PM,252 Event OK
5/10/2020 2:01:31 PM,EVENT 2321 1601871905 -319767296/1159605436/33077/19/0 REPORT 2303 0 25 v:256
5/10/2020 2:01:31 PM,252 Event OK
5/10/2020 2:01:31 PM,EVENT 2322 1601873735 -319766970/1159602715/19143/23/0 REPORT 2303 2 91 v:256
5/10/2020 2:01:31 PM,252 Event OK
5/10/2020 2:01:31 PM,EVENT 2323 1601875565 -319764015/1159598546/17281/21/4 REPORT 2303 1 20 v:246
5/10/2020 2:01:31 PM,252 Event OK
5/10/2020 2:01:31 PM,EVENT 2324 1601876080 -319768232/1159585607/27958/20/1 IMPACT 2303 11 0 0 0 11 0 - v:250
5/10/2020 2:01:31 PM,252 Event OK
5/10/2020 2:01:31 PM,EVENT 2325 1601877395 -319772955/1159586345/12073/18/0 REPORT 2303 2 5 v:254
5/10/2020 2:01:31 PM,252 Event OK
5/10/2020 2:01:32 PM,EVENT 2326 1601879225 -319773119/1159577297/11721/20/4 REPORT 2303 1 246 v:252
5/10/2020 2:01:32 PM,252 Event OK
5/10/2020 2:01:32 PM,EVENT 2327 1601879279 -319772118/1159570476/9874/20/0 TRIP 2303 10647 0 18670 1920 29317 v:254
5/10/2020 2:01:32 PM,252 Event OK
5/10/2020 2:01:32 PM,QUIT
5/10/2020 2:01:32 PM,221 Session ended - goodbye
6/10/2020 2:01:18 PM,UNIT 11130
6/10/2020 2:01:18 PM,333 CHAL B0A9B5
6/10/2020 2:01:18 PM,RESP 178068b8
6/10/2020 2:01:18 PM,230 Auth OK
6/10/2020 2:01:27 PM,EVSEQ
6/10/2020 2:01:27 PM,214 EVSEQ 2327
6/10/2020 2:01:27 PM,TODO
6/10/2020 2:01:27 PM,226 Nothing to do
6/10/2020 2:01:27 PM,QUIT
6/10/2020 2:01:27 PM,221 Session ended - goodbye
6/10/2020 2:01:28 PM,UNIT 11130
6/10/2020 2:01:28 PM,333 CHAL 40C67795
6/10/2020 2:01:28 PM,RESP ec4e71eb
6/10/2020 2:01:28 PM,230 Auth OK
6/10/2020 2:01:28 PM,EVCOUNT 24
6/10/2020 2:01:28 PM,252 Event OK
6/10/2020 2:01:28 PM,TODO
6/10/2020 2:01:28 PM,226 Nothing to do
6/10/2020 2:01:28 PM,EVENT 2328 1601935200 -319771534/1159568714/6060/20/0 SIGNON 16776 01DDB951 OK 0 3285 0 v:252
6/10/2020 2:01:28 PM,252 Event OK
6/10/2020 2:01:29 PM,EVENT 2329 1601936519 -319768873/1159586378/26708/20/9 REPORT 2328 10 113 v:244
6/10/2020 2:01:29 PM,252 Event OK
6/10/2020 2:01:29 PM,EVENT 2330 1601938349 0/0/0/20/1 REPORT 2328 0 0 v:246
6/10/2020 2:01:29 PM,252 Event OK
6/10/2020 2:01:29 PM,EVENT 2331 1601940179 -319773029/1159593339/30985/16/1 REPORT 2328 2 82 v:245
6/10/2020 2:01:29 PM,252 Event OK
6/10/2020 2:01:29 PM,EVENT 2332 1601942009 -319773707/1159585946/17359/20/0 REPORT 2328 1 159 v:250
6/10/2020 2:01:29 PM,252 Event OK
6/10/2020 2:01:29 PM,EVENT 2333 1601943839 -319768268/1159571956/16881/24/0 REPORT 2328 0 10 v:250
6/10/2020 2:01:29 PM,252 Event OK
6/10/2020 2:01:29 PM,EVENT 2334 1601943987 -319774287/1159567895/16281/22/0 XSIDLESTART 2328 v:250
6/10/2020 2:01:29 PM,252 Event OK
6/10/2020 2:01:29 PM,EVENT 2335 1601945230 -319771296/1159566002/20232/22/0 XSIDLE 2328 1542 v:250
6/10/2020 2:01:29 PM,252 Event OK
6/10/2020 2:01:29 PM,EVENT 2336 1601945669 0/0/0/17/1 REPORT 2328 0 0 v:244
6/10/2020 2:01:29 PM,252 Event OK
6/10/2020 2:01:29 PM,EVENT 2337 1601947499 -319770773/1159580220/28394/16/0 REPORT 2328 2 111 v:248
6/10/2020 2:01:29 PM,252 Event OK
6/10/2020 2:01:29 PM,EVENT 2338 1601949329 -319771824/1159591415/16891/20/0 REPORT 2328 2 38 v:248
6/10/2020 2:01:29 PM,252 Event OK
6/10/2020 2:01:30 PM,EVENT 2339 1601951159 -319772741/1159568487/9425/25/0 REPORT 2328 1 235 v:249
6/10/2020 2:01:30 PM,252 Event OK
6/10/2020 2:01:30 PM,EVENT 2340 1601951331 -319771020/1159569063/9965/25/0 XSIDLESTART 2328 v:249
6/10/2020 2:01:30 PM,252 Event OK
6/10/2020 2:01:30 PM,EVENT 2341 1601952215 -319769962/1159564568/12905/26/0 XSIDLE 2328 1183 v:249
6/10/2020 2:01:30 PM,252 Event OK
6/10/2020 2:01:30 PM,EVENT 2342 1601952989 -319770641/1159585538/13244/21/0 REPORT 2328 3 125 v:247
6/10/2020 2:01:30 PM,252 Event OK
6/10/2020 2:01:30 PM,EVENT 2343 1601954819 -319772017/1159582222/15998/17/0 REPORT 2328 5 44 v:245
6/10/2020 2:01:30 PM,252 Event OK
6/10/2020 2:01:30 PM,EVENT 2344 1601956649 -319768017/1159576171/9042/25/2 REPORT 2328 1 100 v:245
6/10/2020 2:01:30 PM,252 Event OK
6/10/2020 2:01:30 PM,EVENT 2345 1601956705 -319767396/1159579698/8903/25/3 IMPACT 2328 10 0 0 0 10 0 - v:246
6/10/2020 2:01:30 PM,252 Event OK
6/10/2020 2:01:30 PM,EVENT 2346 1601958479 -319771074/1159588151/18686/17/2 REPORT 2328 2 20 v:242
6/10/2020 2:01:30 PM,252 Event OK
6/10/2020 2:01:30 PM,EVENT 2347 1601959015 -319771162/1159567715/10965/22/0 XSIDLESTART 2328 v:247
6/10/2020 2:01:30 PM,252 Event OK
6/10/2020 2:01:30 PM,EVENT 2348 1601960309 -319772267/1159568423/10392/23/0 REPORT 2328 0 168 v:248
6/10/2020 2:01:30 PM,252 Event OK
6/10/2020 2:01:31 PM,EVENT 2349 1601960893 -319772248/1159569050/8828/23/0 XSIDLE 2328 2178 v:248
6/10/2020 2:01:31 PM,252 Event OK
6/10/2020 2:01:31 PM,EVENT 2350 1601962139 -319766421/1159601111/22042/21/0 REPORT 2328 0 37 v:247
6/10/2020 2:01:31 PM,252 Event OK
6/10/2020 2:01:31 PM,EVENT 2351 1601963930 -319773490/1159571359/11211/18/0 TRIP 2328 9901 0 18829 2178 28730 v:245
6/10/2020 2:01:31 PM,252 Event OK
6/10/2020 2:01:31 PM,QUIT
6/10/2020 2:01:31 PM,221 Session ended - goodbye
7/10/2020 2:01:36 PM,UNIT 11130
7/10/2020 2:01:36 PM,333 CHAL 10BFA1AC
7/10/2020 2:01:36 PM,RESP b602fb5b
7/10/2020 2:01:36 PM,230 Auth OK
7/10/2020 2:01:42 PM,EVSEQ
7/10/2020 2:01:42 PM,214 EVSEQ 2351
7/10/2020 2:01:42 PM,TODO
7/10/2020 2:01:42 PM,226 Nothing to do
7/10/2020 2:01:42 PM,QUIT
7/10/2020 2:01:42 PM,221 Session ended - goodbye
7/10/2020 2:01:43 PM,UNIT 11130
7/10/2020 2:01:43 PM,333 CHAL 6DB972FF
7/10/2020 2:01:43 PM,RESP 374f7c77
7/10/2020 2:01:43 PM,230 Auth OK
7/10/2020 2:01:43 PM,EVCOUNT 15
7/10/2020 2:01:43 PM,252 Event OK
7/10/2020 2:01:43 PM,TODO
7/10/2020 2:01:43 PM,226 Nothing to do
7/10/2020 2:01:44 PM,EVENT 2352 1602021661 0/0/0/19/0 SIGNON 16775 01DDB952 OK 26 3581 0 v:264
7/10/2020 2:01:44 PM,252 Event OK
7/10/2020 2:01:44 PM,EVENT 2353 1602022705 0/0/0/25/0 XSIDLESTART 2352 v:262
7/10/2020 2:01:44 PM,252 Event OK
7/10/2020 2:01:44 PM,EVENT 2354 1602022964 -319767619/1159569819/13194/28/0 XSIDLE 2352 559 v:263
7/10/2020 2:01:44 PM,252 Event OK
7/10/2020 2:01:44 PM,EVENT 2355 1602023436 -319770198/1159570732/18927/24/0 REPORT 2352 1 193 v:260
7/10/2020 2:01:44 PM,252 Event OK
7/10/2020 2:01:44 PM,EVENT 2356 1602025266 -319771926/1159601587/24346/19/0 REPORT 2352 1 6 v:261
7/10/2020 2:01:44 PM,252 Event OK
7/10/2020 2:01:44 PM,EVENT 2357 1602026990 -319767574/1159571270/14783/24/0 XSIDLESTART 2352 v:262
7/10/2020 2:01:44 PM,252 Event OK
7/10/2020 2:01:44 PM,EVENT 2358 1602027096 -319767957/1159570255/20775/24/0 REPORT 2352 0 41 v:262
7/10/2020 2:01:44 PM,252 Event OK
7/10/2020 2:01:44 PM,EVENT 2359 1602027194 -319767973/1159568761/15170/24/0 XSIDLE 2352 504 v:262
7/10/2020 2:01:44 PM,252 Event OK
7/10/2020 2:01:44 PM,EVENT 2360 1602027546 -319769003/1159565933/20095/28/0 XSIDLESTART 2352 v:263
7/10/2020 2:01:44 PM,252 Event OK
7/10/2020 2:01:44 PM,EVENT 2361 1602028633 -319768362/1159570855/10027/28/0 XSIDLE 2352 1386 v:263
7/10/2020 2:01:44 PM,252 Event OK
7/10/2020 2:01:45 PM,EVENT 2362 1602028926 -319770610/1159601620/23813/15/0 REPORT 2352 2 171 v:260
7/10/2020 2:01:45 PM,252 Event OK
7/10/2020 2:01:45 PM,EVENT 2363 1602030756 -319769762/1159599101/19151/18/0 REPORT 2352 1 80 v:261
7/10/2020 2:01:45 PM,252 Event OK
7/10/2020 2:01:45 PM,EVENT 2364 1602032586 -319770956/1159599955/32311/16/0 REPORT 2352 1 61 v:259
7/10/2020 2:01:45 PM,252 Event OK
7/10/2020 2:01:45 PM,EVENT 2365 1602034416 -319773156/1159586554/35376/21/0 REPORT 2352 3 76 v:259
7/10/2020 2:01:45 PM,252 Event OK
7/10/2020 2:01:47 PM,EVENT 2366 1602035715 -319771658/1159569505/18895/24/0 TRIP 2352 5506 0 8548 1386 14054 v:258
7/10/2020 2:01:47 PM,252 Event OK
7/10/2020 2:01:47 PM,QUIT
7/10/2020 2:01:47 PM,221 Session ended - goodbye
8/10/2020 2:01:38 PM,UNIT 11130
8/10/2020 2:01:38 PM,333 CHAL 2A20DDBA
8/10/2020 2:01:38 PM,RESP 992e6515
8/10/2020 2:01:38 PM,230 Auth OK
8/10/2020 2:01:44 PM,EVSEQ
8/10/2020 2:01:44 PM,214 EVSEQ 2366
8/10/2020 2:01:44 PM,TODO
8/10/2020 2:01:44 PM,125 TODO GETXML 240 DisplayMessaging 
125 TODO GETXML 5000 ZONE 
225 Work list complete
8/10/2020 2:01:44 PM,GETXML
8/10/2020 2:01:44 PM,Binary data 369 bytes
8/10/2020 2:01:44 PM,GOT DisplayMessaging 315 b569a53a
8/10/2020 2:01:44 PM,250 Download OK
8/10/2020 2:01:44 PM,GETXML
8/10/2020 2:01:44 PM,Binary data 426 bytes
8/10/2020 2:01:44 PM,GOT Zone 384 d5a7126d
8/10/2020 2:01:44 PM,250 Download OK
8/10/2020 2:01:44 PM,QUIT
8/10/2020 2:01:44 PM,221 Session ended - goodbye
8/10/2020 2:01:46 PM,UNIT 11130
8/10/2020 2:01:46 PM,333 CHAL 6B78B3C8
8/10/2020 2:01:46 PM,RESP c4bdb777
8/10/2020 2:01:46 PM,230 Auth OK
8/10/2020 2:01:46 PM,EVCOUNT 25
8/10/2020 2:01:46 PM,252 Event OK
8/10/2020 2:01:46 PM,TODO
8/10/2020 2:01:46 PM,226 Nothing to do
8/10/2020 2:01:46 PM,EVENT 2367 1602108226 -319770712/1159569485/9145/21/0 SIGNON 16774 01DDB954 OK 26 3425 0 v:258
8/10/2020 2:01:46 PM,252 Event OK
8/10/2020 2:01:46 PM,EVENT 2368 1602109358 -319767022/1159601769/11702/17/3 REPORT 2367 1 12 v:253
8/10/2020 2:01:46 PM,252 Event OK
8/10/2020 2:01:46 PM,EVENT 2369 1602111188 -319774189/1159599021/14595/20/0 REPORT 2367 0 235 v:254
8/10/2020 2:01:46 PM,252 Event OK
8/10/2020 2:01:46 PM,EVENT 2370 1602113018 -319767620/1159603985/11263/21/0 REPORT 2367 1 227 v:254
8/10/2020 2:01:46 PM,252 Event OK
8/10/2020 2:01:46 PM,EVENT 2371 1602114848 -319764456/1159600279/29398/22/0 REPORT 2367 2 38 v:254
8/10/2020 2:01:46 PM,252 Event OK
8/10/2020 2:01:47 PM,EVENT 2372 1602116678 -319773493/1159585552/15526/17/0 REPORT 2367 0 28 v:253
8/10/2020 2:01:47 PM,252 Event OK
8/10/2020 2:01:47 PM,EVENT 2373 1602118508 -319769487/1159576662/17141/20/0 REPORT 2367 0 65 v:253
8/10/2020 2:01:47 PM,252 Event OK
8/10/2020 2:01:47 PM,EVENT 2374 1602120042 -319771476/1159566721/12684/25/0 XSIDLESTART 2367 v:255
8/10/2020 2:01:47 PM,252 Event OK
8/10/2020 2:01:47 PM,EVENT 2375 1602120338 -319773087/1159569728/10266/26/0 REPORT 2367 0 236 v:255
8/10/2020 2:01:47 PM,252 Event OK
8/10/2020 2:01:47 PM,EVENT 2376 1602120825 -319769641/1159570664/10040/20/0 XSIDLE 2367 1082 v:255
8/10/2020 2:01:47 PM,252 Event OK
8/10/2020 2:01:47 PM,EVENT 2377 1602122168 -319770721/1159581140/15649/21/1 REPORT 2367 1 207 v:248
8/10/2020 2:01:47 PM,252 Event OK
8/10/2020 2:01:47 PM,EVENT 2378 1602123998 -319773322/1159571897/21550/17/0 REPORT 2367 0 51 v:252
8/10/2020 2:01:47 PM,252 Event OK
8/10/2020 2:01:47 PM,EVENT 2379 1602125793 -319769014/1159592909/28652/25/1 IMPACT 2367 10 0 0 0 10 0 - v:247
8/10/2020 2:01:47 PM,252 Event OK
8/10/2020 2:01:47 PM,EVENT 2380 1602125828 -319766898/1159600392/14628/22/8 REPORT 2367 1 73 v:248
8/10/2020 2:01:47 PM,252 Event OK
8/10/2020 2:01:47 PM,EVENT 2381 1602127658 -319770287/1159596389/24880/20/5 REPORT 2367 4 12 v:251
8/10/2020 2:01:47 PM,252 Event OK
8/10/2020 2:01:48 PM,EVENT 2382 1602129488 -319767622/1159581977/17683/21/0 REPORT 2367 1 223 v:249
8/10/2020 2:01:48 PM,252 Event OK
8/10/2020 2:01:48 PM,EVENT 2383 1602129921 -319767380/1159574848/22822/24/0 XSIDLESTART 2367 v:252
8/10/2020 2:01:48 PM,252 Event OK
8/10/2020 2:01:48 PM,EVENT 2384 1602131318 -319769871/1159569563/8710/21/0 REPORT 2367 0 129 v:253
8/10/2020 2:01:48 PM,252 Event OK
8/10/2020 2:01:48 PM,EVENT 2385 1602131710 -319770580/1159569558/10762/21/0 XSIDLE 2367 2089 v:251
8/10/2020 2:01:48 PM,252 Event OK
8/10/2020 2:01:48 PM,EVENT 2386 1602133148 -319769875/1159585148/14301/20/0 REPORT 2367 0 50 v:251
8/10/2020 2:01:48 PM,252 Event OK
8/10/2020 2:01:48 PM,EVENT 2387 1602134978 -319777334/1159579856/23632/17/4 REPORT 2367 1 133 v:245
8/10/2020 2:01:48 PM,252 Event OK
8/10/2020 2:01:48 PM,EVENT 2388 1602136808 -319765830/1159597176/33926/20/0 REPORT 2367 6 152 v:250
8/10/2020 2:01:48 PM,252 Event OK
8/10/2020 2:01:48 PM,EVENT 2389 1602137917 -319773147/1159583131/13320/17/0 IMPACT 2367 10 0 0 0 10 0 - v:246
8/10/2020 2:01:48 PM,252 Event OK
8/10/2020 2:01:48 PM,EVENT 2390 1602138638 -319760965/1159592405/14961/23/0 REPORT 2367 1 97 v:250
8/10/2020 2:01:48 PM,252 Event OK
8/10/2020 2:01:51 PM,EVENT 2391 1602139221 -319768915/1159571781/10293/23/0 TRIP 2367 14120 0 16875 2089 30995 v:249
8/10/2020 2:01:51 PM,252 Event OK
8/10/2020 2:01:51 PM,QUIT
8/10/2020 2:01:51 PM,221 Session ended - goodbye
9/10/2020 2:01:15 PM,UNIT 11130
9/10/2020 2:01:15 PM,333 CHAL 6FDA8C8B
9/10/2020 2:01:15 PM,RESP 52d0a572
9/10/2020 2:01:15 PM,230 Auth OK
9/10/2020 2:01:19 PM,EVSEQ
9/10/2020 2:01:19 PM,214 EVSEQ 2391
9/10/2020 2:01:19 PM,TODO
9/10/2020 2:01:19 PM,226 Nothing to do
9/10/2020 2:01:19 PM,QUIT
9/10/2020 2:01:19 PM,221 Session ended - goodbye
9/10/2020 2:01:20 PM,UNIT 11130
9/10/2020 2:01:20 PM,333 CHAL 40442012
9/10/2020 2:01:20 PM,RESP c79cd406
9/10/2020 2:01:20 PM,230 Auth OK
9/10/2020 2:01:20 PM,EVCOUNT 37
9/10/2020 2:01:20 PM,252 Event OK
9/10/2020 2:01:20 PM,TODO
9/10/2020 2:01:20 PM,226 Nothing to do
9/10/2020 2:01:21 PM,EVENT 2392 1602194536 0/0/0/24/0 SIGNON 16773 01DDB957 OK_CL 26 1129 0 v:262
9/10/2020 2:01:21 PM,252 Event OK
9/10/2020 2:01:21 PM,EVENT 2393 1602194558 0/0/0/24/0 CHECKLIST 2392 OK 0 22 6529 F v:261
9/10/2020 2:01:21 PM,252 Event OK
9/10/2020 2:01:21 PM,EVENT 2394 1602196273 0/0/0/19/0 REPORT 2392 0 0 v:259
9/10/2020 2:01:21 PM,252 Event OK
9/10/2020 2:01:21 PM,EVENT 2395 1602198103 -319766282/1159600689/25040/19/0 REPORT 2392 0 49 v:259
9/10/2020 2:01:21 PM,252 Event OK
9/10/2020 2:01:22 PM,EVENT 2396 1602199933 -319769112/1159601691/26419/24/3 REPORT 2392 1 78 v:255
9/10/2020 2:01:22 PM,252 Event OK
9/10/2020 2:01:22 PM,EVENT 2397 1602201763 0/0/0/17/0 REPORT 2392 0 0 v:257
9/10/2020 2:01:22 PM,252 Event OK
9/10/2020 2:01:22 PM,EVENT 2398 1602203593 -319776336/1159585252/16510/18/4 REPORT 2392 1 185 v:254
9/10/2020 2:01:22 PM,252 Event OK
9/10/2020 2:01:22 PM,EVENT 2399 1602204364 -319773538/1159568175/10638/25/0 XSIDLESTART 2392 v:260
9/10/2020 2:01:22 PM,252 Event OK
9/10/2020 2:01:22 PM,EVENT 2400 1602205423 -319772589/1159569646/9652/25/0 REPORT 2392 0 27 v:261
9/10/2020 2:01:22 PM,252 Event OK
9/10/2020 2:01:22 PM,EVENT 2401 1602206107 -319772077/1159569499/10858/24/0 XSIDLE 2392 2043 v:260
9/10/2020 2:01:22 PM,252 Event OK
9/10/2020 2:01:22 PM,EVENT 2402 1602207253 -319773944/1159584608/21858/20/0 REPORT 2392 1 2 v:258
9/10/2020 2:01:22 PM,252 Event OK
9/10/2020 2:01:22 PM,EVENT 2403 1602208662 -319771054/1159586109/18010/20/0 XSIDLESTART 2392 v:260
9/10/2020 2:01:22 PM,252 Event OK
9/10/2020 2:01:23 PM,EVENT 2404 1602208751 -319768252/1159585724/16604/21/0 XSIDLE 2392 389 v:259
9/10/2020 2:01:23 PM,252 Event OK
9/10/2020 2:01:23 PM,EVENT 2405 1602209083 -319774298/1159585959/16800/16/2 REPORT 2392 0 55 v:256
9/10/2020 2:01:23 PM,252 Event OK
9/10/2020 2:01:23 PM,EVENT 2406 1602210913 -319773160/1159583229/14959/21/0 REPORT 2392 1 75 v:257
9/10/2020 2:01:23 PM,252 Event OK
9/10/2020 2:01:23 PM,EVENT 2407 1602212743 -319765449/1159601862/10685/21/0 REPORT 2392 0 253 v:257
9/10/2020 2:01:23 PM,252 Event OK
9/10/2020 2:01:23 PM,EVENT 2408 1602213898 -319775466/1159568194/19848/23/0 XSIDLESTART 2392 v:259
9/10/2020 2:01:23 PM,252 Event OK
9/10/2020 2:01:23 PM,EVENT 2409 1602214456 -319772745/1159568022/15305/22/0 XSIDLE 2392 858 v:259
9/10/2020 2:01:23 PM,252 Event OK
9/10/2020 2:01:23 PM,EVENT 2410 1602214573 -319771794/1159587751/16980/19/9 REPORT 2392 5 68 v:249
9/10/2020 2:01:23 PM,252 Event OK
9/10/2020 2:01:23 PM,EVENT 2411 1602216403 -319770983/1159600728/28463/18/0 REPORT 2392 2 219 v:256
9/10/2020 2:01:23 PM,252 Event OK
9/10/2020 2:01:23 PM,EVENT 2412 1602218233 0/0/0/16/8 REPORT 2392 0 0 v:247
9/10/2020 2:01:23 PM,252 Event OK
9/10/2020 2:01:24 PM,EVENT 2413 1602220063 -319770984/1159598690/19539/16/0 REPORT 2392 1 250 v:257
9/10/2020 2:01:24 PM,252 Event OK
9/10/2020 2:01:24 PM,EVENT 2414 1602221893 0/0/0/20/3 REPORT 2392 0 0 v:251
9/10/2020 2:01:24 PM,252 Event OK
9/10/2020 2:01:24 PM,EVENT 2415 1602223723 -319773293/1159593400/47759/18/0 REPORT 2392 1 232 v:256
9/10/2020 2:01:24 PM,252 Event OK
9/10/2020 2:01:24 PM,EVENT 2416 1602225553 -319767876/1159608526/55770/19/4 REPORT 2392 2 55 v:250
9/10/2020 2:01:24 PM,252 Event OK
9/10/2020 2:01:24 PM,EVENT 2417 1602226010 -319774709/1159567504/11377/23/0 XSIDLESTART 2392 v:257
9/10/2020 2:01:24 PM,252 Event OK
9/10/2020 2:01:24 PM,EVENT 2418 1602227313 -319775483/1159566616/14289/22/0 XSIDLE 2392 1603 v:256
9/10/2020 2:01:24 PM,252 Event OK
9/10/2020 2:01:24 PM,EVENT 2419 1602227383 -319772578/1159580236/18796/19/8 REPORT 2392 2 80 v:249
9/10/2020 2:01:24 PM,252 Event OK
9/10/2020 2:01:24 PM,EVENT 2420 1602229213 -319773565/1159572176/12179/17/0 REPORT 2392 0 249 v:254
9/10/2020 2:01:24 PM,252 Event OK
9/10/2020 2:01:24 PM,EVENT 2421 1602229508 -319773834/1159566213/11856/19/0 XSIDLESTART 2392 v:256
9/10/2020 2:01:24 PM,252 Event OK
9/10/2020 2:01:24 PM,EVENT 2422 1602231043 -319773548/1159570021/8436/19/0 REPORT 2392 0 73 v:257
9/10/2020 2:01:24 PM,252 Event OK
9/10/2020 2:01:25 PM,EVENT 2423 1602231333 -319773108/1159569069/10289/19/0 XSIDLE 2392 2125 v:257
9/10/2020 2:01:25 PM,252 Event OK
9/10/2020 2:01:25 PM,EVENT 2424 1602232873 -319770975/1159599983/13802/17/0 REPORT 2392 0 143 v:255
9/10/2020 2:01:25 PM,252 Event OK
9/10/2020 2:01:25 PM,EVENT 2425 1602234703 -319775309/1159570787/9887/17/0 REPORT 2392 0 99 v:255
9/10/2020 2:01:25 PM,252 Event OK
9/10/2020 2:01:25 PM,EVENT 2426 1602234925 -319776013/1159570885/6084/17/0 XSIDLESTART 2392 v:256
9/10/2020 2:01:25 PM,252 Event OK
9/10/2020 2:01:25 PM,EVENT 2427 1602235236 -319774991/1159571818/9783/19/0 XSIDLE 2392 611 v:256
9/10/2020 2:01:25 PM,252 Event OK
9/10/2020 2:01:25 PM,EVENT 2428 1602235255 -319775325/1159571300/8685/19/0 TRIP 2392 15631 0 25086 2125 40717 v:255
9/10/2020 2:01:25 PM,252 Event OK
9/10/2020 2:01:25 PM,QUIT
9/10/2020 2:01:25 PM,221 Session ended - goodbye
10/10/2020 2:01:12 PM,UNIT 11130
10/10/2020 2:01:12 PM,333 CHAL 1AFF1D8B
10/10/2020 2:01:12 PM,RESP 1b31963d
10/10/2020 2:01:12 PM,230 Auth OK
10/10/2020 2:01:15 PM,EVSEQ
10/10/2020 2:01:15 PM,214 EVSEQ 2428
10/10/2020 2:01:15 PM,TODO
10/10/2020 2:01:15 PM,226 Nothing to do
10/10/2020 2:01:15 PM,QUIT
10/10/2020 2:01:15 PM,221 Session ended - goodbye
10/10/2020 2:01:17 PM,UNIT 11130
10/10/2020 2:01:17 PM,333 CHAL 40241A0A
10/10/2020 2:01:17 PM,RESP 52753790
10/10/2020 2:01:17 PM,230 Auth OK
10/10/2020 2:01:17 PM,EVCOUNT 28
10/10/2020 2:01:17 PM,252 Event OK
10/10/2020 2:01:17 PM,TODO
10/10/2020 2:01:17 PM,226 Nothing to do
10/10/2020 2:01:17 PM,EVENT 2429 1602280949 -319771196/1159568913/6727/20/0 SIGNON 16777 01DDB94F OK_CL 26 4358 0 v:248
10/10/2020 2:01:17 PM,252 Event OK
10/10/2020 2:01:17 PM,EVENT 2430 1602280974 -319770761/1159568908/9051/21/0 REPORT 2429 1 95 v:248
10/10/2020 2:01:17 PM,252 Event OK
10/10/2020 2:01:18 PM,EVENT 2431 1602281103 -319769962/1159570366/8735/22/0 CHECKLIST 2429 OK 0 154 6529 F v:248
10/10/2020 2:01:18 PM,252 Event OK
10/10/2020 2:01:18 PM,EVENT 2432 1602281399 -319771539/1159569484/8394/21/0 XSIDLESTART 2429 v:249
10/10/2020 2:01:18 PM,252 Event OK
10/10/2020 2:01:18 PM,EVENT 2433 1602281408 -319771773/1159569668/8496/21/0 XSIDLE 2429 309 v:248
10/10/2020 2:01:18 PM,252 Event OK
10/10/2020 2:01:18 PM,EVENT 2434 1602282804 -319773242/1159590262/16694/19/0 REPORT 2429 2 127 v:248
10/10/2020 2:01:18 PM,252 Event OK
10/10/2020 2:01:18 PM,EVENT 2435 1602284634 0/0/0/21/0 REPORT 2429 0 0 v:249
10/10/2020 2:01:18 PM,252 Event OK
10/10/2020 2:01:18 PM,EVENT 2436 1602284777 0/0/0/19/0 XSIDLESTART 2429 v:249
10/10/2020 2:01:18 PM,252 Event OK
10/10/2020 2:01:18 PM,EVENT 2437 1602284778 0/0/0/19/0 XSIDLE 2429 300 v:249
10/10/2020 2:01:18 PM,252 Event OK
10/10/2020 2:01:18 PM,EVENT 2438 1602286464 -319765443/1159603763/19199/20/0 REPORT 2429 1 19 v:248
10/10/2020 2:01:18 PM,252 Event OK
10/10/2020 2:01:18 PM,EVENT 2439 1602288294 -319766165/1159603265/17490/20/0 REPORT 2429 0 43 v:247
10/10/2020 2:01:18 PM,252 Event OK
10/10/2020 2:01:19 PM,EVENT 2440 1602290124 -319770706/1159601562/18079/22/5 REPORT 2429 1 215 v:235
10/10/2020 2:01:19 PM,252 Event OK
10/10/2020 2:01:19 PM,EVENT 2441 1602291954 -319762993/1159599978/26831/15/0 REPORT 2429 3 29 v:245
10/10/2020 2:01:19 PM,252 Event OK
10/10/2020 2:01:19 PM,EVENT 2442 1602292415 -319772977/1159569143/12280/21/0 XSIDLESTART 2429 v:247
10/10/2020 2:01:19 PM,252 Event OK
10/10/2020 2:01:19 PM,EVENT 2443 1602293378 -319770122/1159569622/12422/21/0 XSIDLE 2429 1263 v:246
10/10/2020 2:01:19 PM,252 Event OK
10/10/2020 2:01:19 PM,EVENT 2444 1602293784 -319763278/1159597134/35290/14/10 REPORT 2429 0 133 v:241
10/10/2020 2:01:19 PM,252 Event OK
10/10/2020 2:01:19 PM,EVENT 2445 1602295614 -319770697/1159589641/25621/18/0 REPORT 2429 3 25 v:246
10/10/2020 2:01:19 PM,252 Event OK
10/10/2020 2:01:19 PM,EVENT 2446 1602297444 -319768528/1159593550/18970/16/9 REPORT 2429 2 91 v:241
10/10/2020 2:01:19 PM,252 Event OK
10/10/2020 2:01:19 PM,EVENT 2447 1602299274 -319773434/1159590694/24330/14/1 REPORT 2429 1 233 v:246
10/10/2020 2:01:19 PM,252 Event OK
10/10/2020 2:01:19 PM,EVENT 2448 1602299619 -319767257/1159581884/21414/15/10 IMPACT 2429 10 0 0 0 10 0 - v:237
10/10/2020 2:01:19 PM,252 Event OK
10/10/2020 2:01:19 PM,EVENT 2449 1602301104 -319769634/1159602582/17750/15/0 REPORT 2429 0 245 v:246
10/10/2020 2:01:19 PM,252 Event OK
10/10/2020 2:01:20 PM,EVENT 2450 1602302934 -319767404/1159599311/21902/19/0 REPORT 2429 0 2 v:245
10/10/2020 2:01:20 PM,252 Event OK
10/10/2020 2:01:20 PM,EVENT 2451 1602304053 -319778870/1159558266/53615/23/0 XSIDLESTART 2429 v:246
10/10/2020 2:01:20 PM,252 Event OK
10/10/2020 2:01:20 PM,EVENT 2452 1602304764 -319774274/1159568107/18662/23/0 REPORT 2429 0 11 v:246
10/10/2020 2:01:20 PM,252 Event OK
10/10/2020 2:01:20 PM,EVENT 2453 1602305957 -319773802/1159570022/12845/21/0 XSIDLE 2429 2205 v:245
10/10/2020 2:01:20 PM,252 Event OK
10/10/2020 2:01:20 PM,EVENT 2454 1602306594 -319769419/1159599355/15489/23/0 REPORT 2429 1 32 v:246
10/10/2020 2:01:20 PM,252 Event OK
10/10/2020 2:01:20 PM,EVENT 2455 1602308424 0/0/0/14/0 REPORT 2429 0 0 v:244
10/10/2020 2:01:20 PM,252 Event OK
10/10/2020 2:01:20 PM,EVENT 2456 1602309971 -319771592/1159570078/12174/19/0 TRIP 2429 8898 0 20121 2205 29019 v:244
10/10/2020 2:01:20 PM,252 Event OK
10/10/2020 2:01:20 PM,QUIT
10/10/2020 2:01:20 PM,221 Session ended - goodbye
11/10/2020 2:01:27 PM,UNIT 11130
11/10/2020 2:01:27 PM,333 CHAL 42A5C2F5
11/10/2020 2:01:28 PM,RESP c764ac84
11/10/2020 2:01:28 PM,230 Auth OK
11/10/2020 2:01:31 PM,EVSEQ
11/10/2020 2:01:31 PM,214 EVSEQ 2456
11/10/2020 2:01:32 PM,TODO
11/10/2020 2:01:32 PM,226 Nothing to do
11/10/2020 2:01:32 PM,QUIT
11/10/2020 2:01:32 PM,221 Session ended - goodbye
11/10/2020 2:01:33 PM,UNIT 11130
11/10/2020 2:01:33 PM,333 CHAL 675E8C7F
11/10/2020 2:01:33 PM,RESP 35fae6bf
11/10/2020 2:01:33 PM,230 Auth OK
11/10/2020 2:01:33 PM,EVCOUNT 15
11/10/2020 2:01:33 PM,252 Event OK
11/10/2020 2:01:33 PM,TODO
11/10/2020 2:01:33 PM,226 Nothing to do
11/10/2020 2:01:33 PM,EVENT 2457 1602367347 0/0/0/0/0 SIGNON 16773 01DDB957 OK 26 1278 0 v:262
11/10/2020 2:01:33 PM,252 Event OK
11/10/2020 2:01:33 PM,EVENT 2458 1602370152 -319764928/1159600001/11001/20/9 REPORT 2457 2 113 v:256
11/10/2020 2:01:33 PM,252 Event OK
11/10/2020 2:01:33 PM,EVENT 2459 1602371982 -319765610/1159602480/12007/16/0 REPORT 2457 2 98 v:258
11/10/2020 2:01:33 PM,252 Event OK
11/10/2020 2:01:34 PM,EVENT 2460 1602373812 -319764244/1159598185/5410/22/0 REPORT 2457 0 8 v:260
11/10/2020 2:01:34 PM,252 Event OK
11/10/2020 2:01:34 PM,EVENT 2461 1602375642 -319771540/1159601257/13400/17/4 REPORT 2457 3 115 v:249
11/10/2020 2:01:34 PM,252 Event OK
11/10/2020 2:01:34 PM,EVENT 2462 1602377472 -319767412/1159584765/14268/24/0 REPORT 2457 1 3 v:259
11/10/2020 2:01:34 PM,252 Event OK
11/10/2020 2:01:34 PM,EVENT 2463 1602379302 -319773875/1159584256/17216/16/0 REPORT 2457 1 47 v:259
11/10/2020 2:01:34 PM,252 Event OK
11/10/2020 2:01:34 PM,EVENT 2464 1602381132 -319764071/1159599397/8537/26/0 REPORT 2457 0 13 v:258
11/10/2020 2:01:34 PM,252 Event OK
11/10/2020 2:01:34 PM,EVENT 2465 1602381816 -319765868/1159570691/11119/23/0 XSIDLESTART 2457 v:260
11/10/2020 2:01:34 PM,252 Event OK
11/10/2020 2:01:34 PM,EVENT 2466 1602382501 -319767840/1159569236/9930/27/0 XSIDLE 2457 985 v:260
11/10/2020 2:01:34 PM,252 Event OK
11/10/2020 2:01:34 PM,EVENT 2467 1602382962 -319765411/1159600830/11501/18/0 REPORT 2457 0 126 v:258
11/10/2020 2:01:34 PM,252 Event OK
11/10/2020 2:01:34 PM,EVENT 2468 1602384792 -319769756/1159600600/12858/19/0 REPORT 2457 1 27 v:259
11/10/2020 2:01:34 PM,252 Event OK
11/10/2020 2:01:35 PM,EVENT 2469 1602386622 -319768672/1159597841/12976/20/0 REPORT 2457 0 30 v:258
11/10/2020 2:01:35 PM,252 Event OK
11/10/2020 2:01:35 PM,EVENT 2470 1602388452 0/0/0/20/0 REPORT 2457 0 0 v:256
11/10/2020 2:01:35 PM,252 Event OK
11/10/2020 2:01:37 PM,EVENT 2471 1602389796 -319775541/1159571548/7270/16/0 TRIP 2457 7370 0 14122 985 21492 v:256
11/10/2020 2:01:37 PM,252 Event OK
11/10/2020 2:01:38 PM,QUIT
11/10/2020 2:01:38 PM,221 Session ended - goodbye
12/10/2020 2:01:28 PM,UNIT 11130
12/10/2020 2:01:28 PM,333 CHAL 2B73814B
12/10/2020 2:01:28 PM,RESP f2a5b5a0
12/10/2020 2:01:28 PM,230 Auth OK
12/10/2020 2:01:31 PM,EVSEQ
12/10/2020 2:01:31 PM,214 EVSEQ 2471
12/10/2020 2:01:31 PM,TODO
12/10/2020 2:01:31 PM,226 Nothing to do
12/10/2020 2:01:32 PM,QUIT
12/10/2020 2:01:32 PM,221 Session ended - goodbye
12/10/2020 2:01:33 PM,UNIT 11130
12/10/2020 2:01:33 PM,333 CHAL 49794152
12/10/2020 2:01:33 PM,RESP 8704fe2b
12/10/2020 2:01:33 PM,230 Auth OK
12/10/2020 2:01:33 PM,EVCOUNT 25
12/10/2020 2:01:33 PM,252 Event OK
12/10/2020 2:01:33 PM,TODO
12/10/2020 2:01:33 PM,226 Nothing to do
12/10/2020 2:01:34 PM,EVENT 2472 1602453899 0/0/0/0/0 SIGNON 16777 01DDB94F OK_CL 26 3605 0 v:260
12/10/2020 2:01:34 PM,252 Event OK
12/10/2020 2:01:34 PM,EVENT 2473 1602453941 0/0/0/19/0 CHECKLIST 2472 OK 0 42 6529 F v:260
12/10/2020 2:01:34 PM,252 Event OK
12/10/2020 2:01:34 PM,EVENT 2474 1602456680 -319769518/1159572094/16999/19/0 REPORT 2472 3 94 v:257
12/10/2020 2:01:34 PM,252 Event OK
12/10/2020 2:01:34 PM,EVENT 2475 1602456862 -319782183/1159570518/31739/22/1 IMPACT 2472 11 0 0 0 11 0 - v:252
12/10/2020 2:01:34 PM,252 Event OK
12/10/2020 2:01:34 PM,EVENT 2476 1602458510 -319767371/1159586074/11427/25/0 REPORT 2472 0 70 v:257
12/10/2020 2:01:34 PM,252 Event OK
12/10/2020 2:01:34 PM,EVENT 2477 1602460340 -319766796/1159585047/8557/20/1 REPORT 2472 0 77 v:255
12/10/2020 2:01:34 PM,252 Event OK
12/10/2020 2:01:34 PM,EVENT 2478 1602462170 -319777314/1159587907/23318/21/0 REPORT 2472 6 87 v:256
12/10/2020 2:01:34 PM,252 Event OK
12/10/2020 2:01:35 PM,EVENT 2479 1602464000 -319769608/1159600275/46087/18/0 REPORT 2472 21 217 v:255
12/10/2020 2:01:35 PM,252 Event OK
12/10/2020 2:01:35 PM,EVENT 2480 1602465830 -319773294/1159593314/20398/15/0 REPORT 2472 2 63 v:257
12/10/2020 2:01:35 PM,252 Event OK
12/10/2020 2:01:35 PM,EVENT 2481 1602467660 -319765868/1159586182/34181/19/6 REPORT 2472 9 153 v:249
12/10/2020 2:01:35 PM,252 Event OK
12/10/2020 2:01:35 PM,EVENT 2482 1602468090 -319771665/1159569556/10964/24/0 XSIDLESTART 2472 v:258
12/10/2020 2:01:35 PM,252 Event OK
12/10/2020 2:01:35 PM,EVENT 2483 1602468532 -319774252/1159570559/8410/23/0 XSIDLE 2472 741 v:258
12/10/2020 2:01:35 PM,252 Event OK
12/10/2020 2:01:35 PM,EVENT 2484 1602469490 -319771972/1159583851/16289/23/0 REPORT 2472 2 165 v:255
12/10/2020 2:01:35 PM,252 Event OK
12/10/2020 2:01:35 PM,EVENT 2485 1602471320 -319776123/1159580627/12544/20/1 REPORT 2472 0 56 v:253
12/10/2020 2:01:35 PM,252 Event OK
12/10/2020 2:01:35 PM,EVENT 2486 1602473150 -319772379/1159575890/19833/19/7 REPORT 2472 2 26 v:241
12/10/2020 2:01:35 PM,252 Event OK
12/10/2020 2:01:35 PM,EVENT 2487 1602474769 -319773060/1159567825/8467/23/0 XSIDLESTART 2472 v:257
12/10/2020 2:01:35 PM,252 Event OK
12/10/2020 2:01:35 PM,EVENT 2488 1602474980 -319772106/1159568717/8118/23/0 REPORT 2472 0 53 v:257
12/10/2020 2:01:35 PM,252 Event OK
12/10/2020 2:01:36 PM,EVENT 2489 1602476389 -319769952/1159569994/10455/22/0 XSIDLE 2472 1920 v:257
12/10/2020 2:01:36 PM,252 Event OK
12/10/2020 2:01:36 PM,EVENT 2490 1602476810 -319767296/1159605436/33077/19/0 REPORT 2472 0 25 v:256
12/10/2020 2:01:36 PM,252 Event OK
12/10/2020 2:01:36 PM,EVENT 2491 1602478640 -319766970/1159602715/19143/23/0 REPORT 2472 2 91 v:256
12/10/2020 2:01:36 PM,252 Event OK
12/10/2020 2:01:36 PM,EVENT 2492 1602480470 -319764015/1159598546/17281/21/4 REPORT 2472 1 20 v:246
12/10/2020 2:01:36 PM,252 Event OK
12/10/2020 2:01:36 PM,EVENT 2493 1602480985 -319768232/1159585607/27958/20/1 IMPACT 2472 11 0 0 0 11 0 - v:250
12/10/2020 2:01:36 PM,252 Event OK
12/10/2020 2:01:36 PM,EVENT 2494 1602482300 -319772955/1159586345/12073/18/0 REPORT 2472 2 5 v:254
12/10/2020 2:01:36 PM,252 Event OK
12/10/2020 2:01:36 PM,EVENT 2495 1602484130 -319773119/1159577297/11721/20/4 REPORT 2472 1 246 v:252
12/10/2020 2:01:36 PM,252 Event OK
12/10/2020 2:01:38 PM,EVENT 2496 1602484184 -319772118/1159570476/9874/20/0 TRIP 2472 10647 0 18670 1920 29317 v:254
12/10/2020 2:01:38 PM,252 Event OK
12/10/2020 2:01:38 PM,QUIT
12/10/2020 2:01:38 PM,221 Session ended - goodbye
13/10/2020 2:01:08 PM,UNIT 11130
13/10/2020 2:01:08 PM,333 CHAL 2B411E5E
13/10/2020 2:01:08 PM,RESP 7121c31f
13/10/2020 2:01:08 PM,230 Auth OK
13/10/2020 2:01:11 PM,EVSEQ
13/10/2020 2:01:11 PM,214 EVSEQ 2496
13/10/2020 2:01:11 PM,TODO
13/10/2020 2:01:11 PM,226 Nothing to do
13/10/2020 2:01:11 PM,QUIT
13/10/2020 2:01:11 PM,221 Session ended - goodbye
13/10/2020 2:01:13 PM,UNIT 11130
13/10/2020 2:01:13 PM,333 CHAL 36FE17A3
13/10/2020 2:01:13 PM,RESP 3abf419c
13/10/2020 2:01:13 PM,230 Auth OK
13/10/2020 2:01:13 PM,EVCOUNT 24
13/10/2020 2:01:13 PM,252 Event OK
13/10/2020 2:01:13 PM,TODO
13/10/2020 2:01:13 PM,226 Nothing to do
13/10/2020 2:01:13 PM,EVENT 2497 1602540008 -319771534/1159568714/6060/20/0 SIGNON 16776 01DDB951 OK 0 3285 0 v:252
13/10/2020 2:01:13 PM,252 Event OK
13/10/2020 2:01:13 PM,EVENT 2498 1602541327 -319768873/1159586378/26708/20/9 REPORT 2497 10 113 v:244
13/10/2020 2:01:13 PM,252 Event OK
13/10/2020 2:01:13 PM,EVENT 2499 1602543157 0/0/0/20/1 REPORT 2497 0 0 v:246
13/10/2020 2:01:13 PM,252 Event OK
13/10/2020 2:01:14 PM,EVENT 2500 1602544987 -319773029/1159593339/30985/16/1 REPORT 2497 2 82 v:245
13/10/2020 2:01:14 PM,252 Event OK
13/10/2020 2:01:14 PM,EVENT 2501 1602546817 -319773707/1159585946/17359/20/0 REPORT 2497 1 159 v:250
13/10/2020 2:01:14 PM,252 Event OK
13/10/2020 2:01:14 PM,EVENT 2502 1602548647 -319768268/1159571956/16881/24/0 REPORT 2497 0 10 v:250
13/10/2020 2:01:14 PM,252 Event OK
13/10/2020 2:01:14 PM,EVENT 2503 1602548795 -319774287/1159567895/16281/22/0 XSIDLESTART 2497 v:250
13/10/2020 2:01:14 PM,252 Event OK
13/10/2020 2:01:14 PM,EVENT 2504 1602550038 -319771296/1159566002/20232/22/0 XSIDLE 2497 1542 v:250
13/10/2020 2:01:14 PM,252 Event OK
13/10/2020 2:01:14 PM,EVENT 2505 1602550477 0/0/0/17/1 REPORT 2497 0 0 v:244
13/10/2020 2:01:14 PM,252 Event OK
13/10/2020 2:01:14 PM,EVENT 2506 1602552307 -319770773/1159580220/28394/16/0 REPORT 2497 2 111 v:248
13/10/2020 2:01:14 PM,252 Event OK
13/10/2020 2:01:14 PM,EVENT 2507 1602554137 -319771824/1159591415/16891/20/0 REPORT 2497 2 38 v:248
13/10/2020 2:01:14 PM,252 Event OK
13/10/2020 2:01:14 PM,EVENT 2508 1602555967 -319772741/1159568487/9425/25/0 REPORT 2497 1 235 v:249
13/10/2020 2:01:14 PM,252 Event OK
13/10/2020 2:01:15 PM,EVENT 2509 1602556139 -319771020/1159569063/9965/25/0 XSIDLESTART 2497 v:249
13/10/2020 2:01:15 PM,252 Event OK
13/10/2020 2:01:15 PM,EVENT 2510 1602557023 -319769962/1159564568/12905/26/0 XSIDLE 2497 1183 v:249
13/10/2020 2:01:15 PM,252 Event OK
13/10/2020 2:01:15 PM,EVENT 2511 1602557797 -319770641/1159585538/13244/21/0 REPORT 2497 3 125 v:247
13/10/2020 2:01:15 PM,252 Event OK
13/10/2020 2:01:15 PM,EVENT 2512 1602559627 -319772017/1159582222/15998/17/0 REPORT 2497 5 44 v:245
13/10/2020 2:01:15 PM,252 Event OK
13/10/2020 2:01:15 PM,EVENT 2513 1602561457 -319768017/1159576171/9042/25/2 REPORT 2497 1 100 v:245
13/10/2020 2:01:15 PM,252 Event OK
13/10/2020 2:01:15 PM,EVENT 2514 1602561513 -319767396/1159579698/8903/25/3 IMPACT 2497 10 0 0 0 10 0 - v:246
13/10/2020 2:01:15 PM,252 Event OK
13/10/2020 2:01:15 PM,EVENT 2515 1602563287 -319771074/1159588151/18686/17/2 REPORT 2497 2 20 v:242
13/10/2020 2:01:15 PM,252 Event OK
13/10/2020 2:01:15 PM,EVENT 2516 1602563823 -319771162/1159567715/10965/22/0 XSIDLESTART 2497 v:247
13/10/2020 2:01:15 PM,252 Event OK
13/10/2020 2:01:15 PM,EVENT 2517 1602565117 -319772267/1159568423/10392/23/0 REPORT 2497 0 168 v:248
13/10/2020 2:01:15 PM,252 Event OK
13/10/2020 2:01:16 PM,EVENT 2518 1602565701 -319772248/1159569050/8828/23/0 XSIDLE 2497 2178 v:248
13/10/2020 2:01:16 PM,252 Event OK
13/10/2020 2:01:16 PM,EVENT 2519 1602566947 -319766421/1159601111/22042/21/0 REPORT 2497 0 37 v:247
13/10/2020 2:01:16 PM,252 Event OK
13/10/2020 2:01:16 PM,EVENT 2520 1602568738 -319773490/1159571359/11211/18/0 TRIP 2497 9901 0 18829 2178 28730 v:245
13/10/2020 2:01:16 PM,252 Event OK
13/10/2020 2:01:17 PM,QUIT
13/10/2020 2:01:17 PM,221 Session ended - goodbye
14/10/2020 2:01:13 PM,UNIT 11130
14/10/2020 2:01:13 PM,333 CHAL 304446F4
14/10/2020 2:01:13 PM,RESP f0f488ef
14/10/2020 2:01:13 PM,230 Auth OK
14/10/2020 2:01:16 PM,EVSEQ
14/10/2020 2:01:16 PM,214 EVSEQ 2520
14/10/2020 2:01:16 PM,TODO
14/10/2020 2:01:16 PM,226 Nothing to do
14/10/2020 2:01:16 PM,QUIT
14/10/2020 2:01:16 PM,221 Session ended - goodbye
14/10/2020 2:01:18 PM,UNIT 11130
14/10/2020 2:01:18 PM,333 CHAL 205CB443
14/10/2020 2:01:18 PM,RESP 68bb906e
14/10/2020 2:01:18 PM,230 Auth OK
14/10/2020 2:01:18 PM,EVCOUNT 15
14/10/2020 2:01:18 PM,252 Event OK
14/10/2020 2:01:18 PM,TODO
14/10/2020 2:01:18 PM,226 Nothing to do
14/10/2020 2:01:18 PM,EVENT 2521 1602626586 0/0/0/19/0 SIGNON 16775 01DDB952 OK 26 3581 0 v:264
14/10/2020 2:01:18 PM,252 Event OK
14/10/2020 2:01:18 PM,EVENT 2522 1602627630 0/0/0/25/0 XSIDLESTART 2521 v:262
14/10/2020 2:01:18 PM,252 Event OK
14/10/2020 2:01:18 PM,EVENT 2523 1602627889 -319767619/1159569819/13194/28/0 XSIDLE 2521 559 v:263
14/10/2020 2:01:18 PM,252 Event OK
14/10/2020 2:01:18 PM,EVENT 2524 1602628361 -319770198/1159570732/18927/24/0 REPORT 2521 1 193 v:260
14/10/2020 2:01:18 PM,252 Event OK
14/10/2020 2:01:18 PM,EVENT 2525 1602630191 -319771926/1159601587/24346/19/0 REPORT 2521 1 6 v:261
14/10/2020 2:01:18 PM,252 Event OK
14/10/2020 2:01:19 PM,EVENT 2526 1602631915 -319767574/1159571270/14783/24/0 XSIDLESTART 2521 v:262
14/10/2020 2:01:19 PM,252 Event OK
14/10/2020 2:01:19 PM,EVENT 2527 1602632021 -319767957/1159570255/20775/24/0 REPORT 2521 0 41 v:262
14/10/2020 2:01:19 PM,252 Event OK
14/10/2020 2:01:19 PM,EVENT 2528 1602632119 -319767973/1159568761/15170/24/0 XSIDLE 2521 504 v:262
14/10/2020 2:01:19 PM,252 Event OK
14/10/2020 2:01:19 PM,EVENT 2529 1602632471 -319769003/1159565933/20095/28/0 XSIDLESTART 2521 v:263
14/10/2020 2:01:19 PM,252 Event OK
14/10/2020 2:01:19 PM,EVENT 2530 1602633558 -319768362/1159570855/10027/28/0 XSIDLE 2521 1386 v:263
14/10/2020 2:01:19 PM,252 Event OK
14/10/2020 2:01:19 PM,EVENT 2531 1602633851 -319770610/1159601620/23813/15/0 REPORT 2521 2 171 v:260
14/10/2020 2:01:19 PM,252 Event OK
14/10/2020 2:01:19 PM,EVENT 2532 1602635681 -319769762/1159599101/19151/18/0 REPORT 2521 1 80 v:261
14/10/2020 2:01:19 PM,252 Event OK
14/10/2020 2:01:19 PM,EVENT 2533 1602637511 -319770956/1159599955/32311/16/0 REPORT 2521 1 61 v:259
14/10/2020 2:01:19 PM,252 Event OK
14/10/2020 2:01:19 PM,EVENT 2534 1602639341 -319773156/1159586554/35376/21/0 REPORT 2521 3 76 v:259
14/10/2020 2:01:19 PM,252 Event OK
14/10/2020 2:01:20 PM,EVENT 2535 1602640640 -319771658/1159569505/18895/24/0 TRIP 2521 5506 0 8548 1386 14054 v:258
14/10/2020 2:01:20 PM,252 Event OK
14/10/2020 2:01:20 PM,QUIT
14/10/2020 2:01:20 PM,221 Session ended - goodbye
15/10/2020 2:01:27 PM,UNIT 11130
15/10/2020 2:01:27 PM,333 CHAL 6CD9DE20
15/10/2020 2:01:27 PM,RESP 7708f9d3
15/10/2020 2:01:27 PM,230 Auth OK
15/10/2020 2:01:30 PM,EVSEQ
15/10/2020 2:01:30 PM,214 EVSEQ 2535
15/10/2020 2:01:30 PM,TODO
15/10/2020 2:01:30 PM,226 Nothing to do
15/10/2020 2:01:30 PM,QUIT
15/10/2020 2:01:30 PM,221 Session ended - goodbye
15/10/2020 2:01:32 PM,UNIT 11130
15/10/2020 2:01:32 PM,333 CHAL 641187E7
15/10/2020 2:01:32 PM,RESP 70276fe6
15/10/2020 2:01:32 PM,230 Auth OK
15/10/2020 2:01:32 PM,EVCOUNT 25
15/10/2020 2:01:32 PM,252 Event OK
15/10/2020 2:01:32 PM,TODO
15/10/2020 2:01:32 PM,226 Nothing to do
15/10/2020 2:01:32 PM,EVENT 2536 1602713011 -319770712/1159569485/9145/21/0 SIGNON 16774 01DDB954 OK 26 3425 0 v:258
15/10/2020 2:01:32 PM,252 Event OK
15/10/2020 2:01:32 PM,EVENT 2537 1602714143 -319767022/1159601769/11702/17/3 REPORT 2536 1 12 v:253
15/10/2020 2:01:32 PM,252 Event OK
15/10/2020 2:01:32 PM,EVENT 2538 1602715973 -319774189/1159599021/14595/20/0 REPORT 2536 0 235 v:254
15/10/2020 2:01:32 PM,252 Event OK
15/10/2020 2:01:33 PM,EVENT 2539 1602717803 -319767620/1159603985/11263/21/0 REPORT 2536 1 227 v:254
15/10/2020 2:01:33 PM,252 Event OK
15/10/2020 2:01:33 PM,EVENT 2540 1602719633 -319764456/1159600279/29398/22/0 REPORT 2536 2 38 v:254
15/10/2020 2:01:33 PM,252 Event OK
15/10/2020 2:01:33 PM,EVENT 2541 1602721463 -319773493/1159585552/15526/17/0 REPORT 2536 0 28 v:253
15/10/2020 2:01:33 PM,252 Event OK
15/10/2020 2:01:33 PM,EVENT 2542 1602723293 -319769487/1159576662/17141/20/0 REPORT 2536 0 65 v:253
15/10/2020 2:01:33 PM,252 Event OK
15/10/2020 2:01:33 PM,EVENT 2543 1602724827 -319771476/1159566721/12684/25/0 XSIDLESTART 2536 v:255
15/10/2020 2:01:33 PM,252 Event OK
15/10/2020 2:01:33 PM,EVENT 2544 1602725123 -319773087/1159569728/10266/26/0 REPORT 2536 0 236 v:255
15/10/2020 2:01:33 PM,252 Event OK
15/10/2020 2:01:34 PM,EVENT 2545 1602725610 -319769641/1159570664/10040/20/0 XSIDLE 2536 1082 v:255
15/10/2020 2:01:34 PM,252 Event OK
15/10/2020 2:01:34 PM,EVENT 2546 1602726953 -319770721/1159581140/15649/21/1 REPORT 2536 1 207 v:248
15/10/2020 2:01:34 PM,252 Event OK
15/10/2020 2:01:34 PM,EVENT 2547 1602728783 -319773322/1159571897/21550/17/0 REPORT 2536 0 51 v:252
15/10/2020 2:01:34 PM,252 Event OK
15/10/2020 2:01:34 PM,EVENT 2548 1602730578 -319769014/1159592909/28652/25/1 IMPACT 2536 10 0 0 0 10 0 - v:247
15/10/2020 2:01:34 PM,252 Event OK
15/10/2020 2:01:34 PM,EVENT 2549 1602730613 -319766898/1159600392/14628/22/8 REPORT 2536 1 73 v:248
15/10/2020 2:01:34 PM,252 Event OK
15/10/2020 2:01:34 PM,EVENT 2550 1602732443 -319770287/1159596389/24880/20/5 REPORT 2536 4 12 v:251
15/10/2020 2:01:34 PM,252 Event OK
15/10/2020 2:01:34 PM,EVENT 2551 1602734273 -319767622/1159581977/17683/21/0 REPORT 2536 1 223 v:249
15/10/2020 2:01:34 PM,252 Event OK
15/10/2020 2:01:35 PM,EVENT 2552 1602734706 -319767380/1159574848/22822/24/0 XSIDLESTART 2536 v:252
15/10/2020 2:01:35 PM,252 Event OK
15/10/2020 2:01:35 PM,EVENT 2553 1602736103 -319769871/1159569563/8710/21/0 REPORT 2536 0 129 v:253
15/10/2020 2:01:35 PM,252 Event OK
15/10/2020 2:01:35 PM,EVENT 2554 1602736495 -319770580/1159569558/10762/21/0 XSIDLE 2536 2089 v:251
15/10/2020 2:01:35 PM,252 Event OK
15/10/2020 2:01:35 PM,EVENT 2555 1602737933 -319769875/1159585148/14301/20/0 REPORT 2536 0 50 v:251
15/10/2020 2:01:35 PM,252 Event OK
15/10/2020 2:01:35 PM,EVENT 2556 1602739763 -319777334/1159579856/23632/17/4 REPORT 2536 1 133 v:245
15/10/2020 2:01:35 PM,252 Event OK
15/10/2020 2:01:35 PM,EVENT 2557 1602741593 -319765830/1159597176/33926/20/0 REPORT 2536 6 152 v:250
15/10/2020 2:01:35 PM,252 Event OK
15/10/2020 2:01:35 PM,EVENT 2558 1602742702 -319773147/1159583131/13320/17/0 IMPACT 2536 10 0 0 0 10 0 - v:246
15/10/2020 2:01:35 PM,252 Event OK
15/10/2020 2:01:35 PM,EVENT 2559 1602743423 -319760965/1159592405/14961/23/0 REPORT 2536 1 97 v:250
15/10/2020 2:01:35 PM,252 Event OK
15/10/2020 2:01:37 PM,EVENT 2560 1602744006 -319768915/1159571781/10293/23/0 TRIP 2536 14120 0 16875 2089 30995 v:249
15/10/2020 2:01:37 PM,252 Event OK
15/10/2020 2:01:37 PM,QUIT
15/10/2020 2:01:37 PM,221 Session ended - goodbye
16/10/2020 2:01:28 PM,UNIT 11130
16/10/2020 2:01:28 PM,333 CHAL 6A991EE9
16/10/2020 2:01:28 PM,RESP a3638e57
16/10/2020 2:01:28 PM,230 Auth OK
16/10/2020 2:01:31 PM,EVSEQ
16/10/2020 2:01:31 PM,214 EVSEQ 2560
16/10/2020 2:01:31 PM,TODO
16/10/2020 2:01:31 PM,226 Nothing to do
16/10/2020 2:01:31 PM,QUIT
16/10/2020 2:01:31 PM,221 Session ended - goodbye
16/10/2020 2:01:33 PM,UNIT 11130
16/10/2020 2:01:33 PM,333 CHAL 1A7B72BE
16/10/2020 2:01:33 PM,RESP c24e41ec
16/10/2020 2:01:33 PM,230 Auth OK
16/10/2020 2:01:33 PM,EVCOUNT 37
16/10/2020 2:01:33 PM,252 Event OK
16/10/2020 2:01:33 PM,TODO
16/10/2020 2:01:33 PM,226 Nothing to do
16/10/2020 2:01:33 PM,EVENT 2561 1602799312 0/0/0/24/0 SIGNON 16773 01DDB957 OK_CL 26 1129 0 v:262
16/10/2020 2:01:33 PM,252 Event OK
16/10/2020 2:01:33 PM,EVENT 2562 1602799334 0/0/0/24/0 CHECKLIST 2561 OK 0 22 6529 F v:261
16/10/2020 2:01:33 PM,252 Event OK
16/10/2020 2:01:33 PM,EVENT 2563 1602801049 0/0/0/19/0 REPORT 2561 0 0 v:259
16/10/2020 2:01:33 PM,252 Event OK
16/10/2020 2:01:33 PM,EVENT 2564 1602802879 -319766282/1159600689/25040/19/0 REPORT 2561 0 49 v:259
16/10/2020 2:01:33 PM,252 Event OK
16/10/2020 2:01:33 PM,EVENT 2565 1602804709 -319769112/1159601691/26419/24/3 REPORT 2561 1 78 v:255
16/10/2020 2:01:33 PM,252 Event OK
16/10/2020 2:01:34 PM,EVENT 2566 1602806539 0/0/0/17/0 REPORT 2561 0 0 v:257
16/10/2020 2:01:34 PM,252 Event OK
16/10/2020 2:01:34 PM,EVENT 2567 1602808369 -319776336/1159585252/16510/18/4 REPORT 2561 1 185 v:254
16/10/2020 2:01:34 PM,252 Event OK
16/10/2020 2:01:34 PM,EVENT 2568 1602809140 -319773538/1159568175/10638/25/0 XSIDLESTART 2561 v:260
16/10/2020 2:01:34 PM,252 Event OK
16/10/2020 2:01:34 PM,EVENT 2569 1602810199 -319772589/1159569646/9652/25/0 REPORT 2561 0 27 v:261
16/10/2020 2:01:34 PM,252 Event OK
16/10/2020 2:01:34 PM,EVENT 2570 1602810883 -319772077/1159569499/10858/24/0 XSIDLE 2561 2043 v:260
16/10/2020 2:01:34 PM,252 Event OK
16/10/2020 2:01:34 PM,EVENT 2571 1602812029 -319773944/1159584608/21858/20/0 REPORT 2561 1 2 v:258
16/10/2020 2:01:34 PM,252 Event OK
16/10/2020 2:01:34 PM,EVENT 2572 1602813438 -319771054/1159586109/18010/20/0 XSIDLESTART 2561 v:260
16/10/2020 2:01:34 PM,252 Event OK
16/10/2020 2:01:34 PM,EVENT 2573 1602813527 -319768252/1159585724/16604/21/0 XSIDLE 2561 389 v:259
16/10/2020 2:01:34 PM,252 Event OK
16/10/2020 2:01:34 PM,EVENT 2574 1602813859 -319774298/1159585959/16800/16/2 REPORT 2561 0 55 v:256
16/10/2020 2:01:34 PM,252 Event OK
16/10/2020 2:01:34 PM,EVENT 2575 1602815689 -319773160/1159583229/14959/21/0 REPORT 2561 1 75 v:257
16/10/2020 2:01:34 PM,252 Event OK
16/10/2020 2:01:35 PM,EVENT 2576 1602817519 -319765449/1159601862/10685/21/0 REPORT 2561 0 253 v:257
16/10/2020 2:01:35 PM,252 Event OK
16/10/2020 2:01:35 PM,EVENT 2577 1602818674 -319775466/1159568194/19848/23/0 XSIDLESTART 2561 v:259
16/10/2020 2:01:35 PM,252 Event OK
16/10/2020 2:01:35 PM,EVENT 2578 1602819232 -319772745/1159568022/15305/22/0 XSIDLE 2561 858 v:259
16/10/2020 2:01:35 PM,252 Event OK
16/10/2020 2:01:35 PM,EVENT 2579 1602819349 -319771794/1159587751/16980/19/9 REPORT 2561 5 68 v:249
16/10/2020 2:01:35 PM,252 Event OK
16/10/2020 2:01:35 PM,EVENT 2580 1602821179 -319770983/1159600728/28463/18/0 REPORT 2561 2 219 v:256
16/10/2020 2:01:35 PM,252 Event OK
16/10/2020 2:01:35 PM,EVENT 2581 1602823009 0/0/0/16/8 REPORT 2561 0 0 v:247
16/10/2020 2:01:35 PM,252 Event OK
16/10/2020 2:01:35 PM,EVENT 2582 1602824839 -319770984/1159598690/19539/16/0 REPORT 2561 1 250 v:257
16/10/2020 2:01:35 PM,252 Event OK
16/10/2020 2:01:35 PM,EVENT 2583 1602826669 0/0/0/20/3 REPORT 2561 0 0 v:251
16/10/2020 2:01:35 PM,252 Event OK
16/10/2020 2:01:35 PM,EVENT 2584 1602828499 -319773293/1159593400/47759/18/0 REPORT 2561 1 232 v:256
16/10/2020 2:01:35 PM,252 Event OK
16/10/2020 2:01:36 PM,EVENT 2585 1602830329 -319767876/1159608526/55770/19/4 REPORT 2561 2 55 v:250
16/10/2020 2:01:36 PM,252 Event OK
16/10/2020 2:01:36 PM,EVENT 2586 1602830786 -319774709/1159567504/11377/23/0 XSIDLESTART 2561 v:257
16/10/2020 2:01:36 PM,252 Event OK
16/10/2020 2:01:36 PM,EVENT 2587 1602832089 -319775483/1159566616/14289/22/0 XSIDLE 2561 1603 v:256
16/10/2020 2:01:36 PM,252 Event OK
16/10/2020 2:01:36 PM,EVENT 2588 1602832159 -319772578/1159580236/18796/19/8 REPORT 2561 2 80 v:249
16/10/2020 2:01:36 PM,252 Event OK
16/10/2020 2:01:36 PM,EVENT 2589 1602833989 -319773565/1159572176/12179/17/0 REPORT 2561 0 249 v:254
16/10/2020 2:01:36 PM,252 Event OK
16/10/2020 2:01:36 PM,EVENT 2590 1602834284 -319773834/1159566213/11856/19/0 XSIDLESTART 2561 v:256
16/10/2020 2:01:36 PM,252 Event OK
16/10/2020 2:01:36 PM,EVENT 2591 1602835819 -319773548/1159570021/8436/19/0 REPORT 2561 0 73 v:257
16/10/2020 2:01:36 PM,252 Event OK
16/10/2020 2:01:36 PM,EVENT 2592 1602836109 -319773108/1159569069/10289/19/0 XSIDLE 2561 2125 v:257
16/10/2020 2:01:36 PM,252 Event OK
16/10/2020 2:01:36 PM,EVENT 2593 1602837649 -319770975/1159599983/13802/17/0 REPORT 2561 0 143 v:255
16/10/2020 2:01:36 PM,252 Event OK
16/10/2020 2:01:37 PM,EVENT 2594 1602839479 -319775309/1159570787/9887/17/0 REPORT 2561 0 99 v:255
16/10/2020 2:01:37 PM,252 Event OK
16/10/2020 2:01:37 PM,EVENT 2595 1602839701 -319776013/1159570885/6084/17/0 XSIDLESTART 2561 v:256
16/10/2020 2:01:37 PM,252 Event OK
16/10/2020 2:01:37 PM,EVENT 2596 1602840012 -319774991/1159571818/9783/19/0 XSIDLE 2561 611 v:256
16/10/2020 2:01:37 PM,252 Event OK
16/10/2020 2:01:39 PM,EVENT 2597 1602840031 -319775325/1159571300/8685/19/0 TRIP 2561 15631 0 25086 2125 40717 v:255
16/10/2020 2:01:39 PM,252 Event OK
16/10/2020 2:01:39 PM,QUIT
16/10/2020 2:01:39 PM,221 Session ended - goodbye
17/10/2020 2:01:18 PM,UNIT 11130
17/10/2020 2:01:18 PM,333 CHAL 37E29CE3
17/10/2020 2:01:18 PM,RESP 1af93249
17/10/2020 2:01:18 PM,230 Auth OK
17/10/2020 2:01:21 PM,EVSEQ
17/10/2020 2:01:21 PM,214 EVSEQ 2597
17/10/2020 2:01:21 PM,TODO
17/10/2020 2:01:21 PM,226 Nothing to do
17/10/2020 2:01:21 PM,QUIT
17/10/2020 2:01:21 PM,221 Session ended - goodbye
17/10/2020 2:01:23 PM,UNIT 11130
17/10/2020 2:01:23 PM,333 CHAL 27FB0A32
17/10/2020 2:01:23 PM,RESP 347721f0
17/10/2020 2:01:23 PM,230 Auth OK
17/10/2020 2:01:23 PM,EVCOUNT 28
17/10/2020 2:01:23 PM,252 Event OK
17/10/2020 2:01:23 PM,TODO
17/10/2020 2:01:23 PM,226 Nothing to do
17/10/2020 2:01:23 PM,EVENT 2598 1602885642 -319771196/1159568913/6727/20/0 SIGNON 16777 01DDB94F OK_CL 26 4358 0 v:248
17/10/2020 2:01:23 PM,252 Event OK
17/10/2020 2:01:23 PM,EVENT 2599 1602885667 -319770761/1159568908/9051/21/0 REPORT 2598 1 95 v:248
17/10/2020 2:01:23 PM,252 Event OK
17/10/2020 2:01:23 PM,EVENT 2600 1602885796 -319769962/1159570366/8735/22/0 CHECKLIST 2598 OK 0 154 6529 F v:248
17/10/2020 2:01:23 PM,252 Event OK
17/10/2020 2:01:23 PM,EVENT 2601 1602886092 -319771539/1159569484/8394/21/0 XSIDLESTART 2598 v:249
17/10/2020 2:01:23 PM,252 Event OK
17/10/2020 2:01:23 PM,EVENT 2602 1602886101 -319771773/1159569668/8496/21/0 XSIDLE 2598 309 v:248
17/10/2020 2:01:23 PM,252 Event OK
17/10/2020 2:01:24 PM,EVENT 2603 1602887497 -319773242/1159590262/16694/19/0 REPORT 2598 2 127 v:248
17/10/2020 2:01:24 PM,252 Event OK
17/10/2020 2:01:24 PM,EVENT 2604 1602889327 0/0/0/21/0 REPORT 2598 0 0 v:249
17/10/2020 2:01:24 PM,252 Event OK
17/10/2020 2:01:24 PM,EVENT 2605 1602889470 0/0/0/19/0 XSIDLESTART 2598 v:249
17/10/2020 2:01:24 PM,252 Event OK
17/10/2020 2:01:24 PM,EVENT 2606 1602889471 0/0/0/19/0 XSIDLE 2598 300 v:249
17/10/2020 2:01:24 PM,252 Event OK
17/10/2020 2:01:24 PM,EVENT 2607 1602891157 -319765443/1159603763/19199/20/0 REPORT 2598 1 19 v:248
17/10/2020 2:01:24 PM,252 Event OK
17/10/2020 2:01:24 PM,EVENT 2608 1602892987 -319766165/1159603265/17490/20/0 REPORT 2598 0 43 v:247
17/10/2020 2:01:24 PM,252 Event OK
17/10/2020 2:01:24 PM,EVENT 2609 1602894817 -319770706/1159601562/18079/22/5 REPORT 2598 1 215 v:235
17/10/2020 2:01:24 PM,252 Event OK
17/10/2020 2:01:24 PM,EVENT 2610 1602896647 -319762993/1159599978/26831/15/0 REPORT 2598 3 29 v:245
17/10/2020 2:01:24 PM,252 Event OK
17/10/2020 2:01:24 PM,EVENT 2611 1602897108 -319772977/1159569143/12280/21/0 XSIDLESTART 2598 v:247
17/10/2020 2:01:24 PM,252 Event OK
17/10/2020 2:01:25 PM,EVENT 2612 1602898071 -319770122/1159569622/12422/21/0 XSIDLE 2598 1263 v:246
17/10/2020 2:01:25 PM,252 Event OK
17/10/2020 2:01:25 PM,EVENT 2613 1602898477 -319763278/1159597134/35290/14/10 REPORT 2598 0 133 v:241
17/10/2020 2:01:25 PM,252 Event OK
17/10/2020 2:01:25 PM,EVENT 2614 1602900307 -319770697/1159589641/25621/18/0 REPORT 2598 3 25 v:246
17/10/2020 2:01:25 PM,252 Event OK
17/10/2020 2:01:25 PM,EVENT 2615 1602902137 -319768528/1159593550/18970/16/9 REPORT 2598 2 91 v:241
17/10/2020 2:01:25 PM,252 Event OK
17/10/2020 2:01:25 PM,EVENT 2616 1602903967 -319773434/1159590694/24330/14/1 REPORT 2598 1 233 v:246
17/10/2020 2:01:25 PM,252 Event OK
17/10/2020 2:01:25 PM,EVENT 2617 1602904312 -319767257/1159581884/21414/15/10 IMPACT 2598 10 0 0 0 10 0 - v:237
17/10/2020 2:01:25 PM,252 Event OK
17/10/2020 2:01:25 PM,EVENT 2618 1602905797 -319769634/1159602582/17750/15/0 REPORT 2598 0 245 v:246
17/10/2020 2:01:25 PM,252 Event OK
17/10/2020 2:01:25 PM,EVENT 2619 1602907627 -319767404/1159599311/21902/19/0 REPORT 2598 0 2 v:245
17/10/2020 2:01:25 PM,252 Event OK
17/10/2020 2:01:25 PM,EVENT 2620 1602908746 -319778870/1159558266/53615/23/0 XSIDLESTART 2598 v:246
17/10/2020 2:01:25 PM,252 Event OK
17/10/2020 2:01:26 PM,EVENT 2621 1602909457 -319774274/1159568107/18662/23/0 REPORT 2598 0 11 v:246
17/10/2020 2:01:26 PM,252 Event OK
17/10/2020 2:01:26 PM,EVENT 2622 1602910650 -319773802/1159570022/12845/21/0 XSIDLE 2598 2205 v:245
17/10/2020 2:01:26 PM,252 Event OK
17/10/2020 2:01:26 PM,EVENT 2623 1602911287 -319769419/1159599355/15489/23/0 REPORT 2598 1 32 v:246
17/10/2020 2:01:26 PM,252 Event OK
17/10/2020 2:01:26 PM,EVENT 2624 1602913117 0/0/0/14/0 REPORT 2598 0 0 v:244
17/10/2020 2:01:26 PM,252 Event OK
17/10/2020 2:01:28 PM,EVENT 2625 1602914664 -319771592/1159570078/12174/19/0 TRIP 2598 8898 0 20121 2205 29019 v:244
17/10/2020 2:01:28 PM,252 Event OK
17/10/2020 2:01:28 PM,QUIT
17/10/2020 2:01:28 PM,221 Session ended - goodbye
18/10/2020 2:01:30 PM,UNIT 11130
18/10/2020 2:01:30 PM,333 CHAL C0D50D2
18/10/2020 2:01:30 PM,RESP 1159ecd4
18/10/2020 2:01:30 PM,230 Auth OK
18/10/2020 2:01:33 PM,EVSEQ
18/10/2020 2:01:33 PM,214 EVSEQ 2625
18/10/2020 2:01:33 PM,TODO
18/10/2020 2:01:33 PM,226 Nothing to do
18/10/2020 2:01:33 PM,QUIT
18/10/2020 2:01:33 PM,221 Session ended - goodbye
18/10/2020 2:01:35 PM,UNIT 11130
18/10/2020 2:01:35 PM,333 CHAL 430EE11E
18/10/2020 2:01:35 PM,RESP 6a43b16d
18/10/2020 2:01:35 PM,230 Auth OK
18/10/2020 2:01:35 PM,EVCOUNT 15
18/10/2020 2:01:35 PM,252 Event OK
18/10/2020 2:01:35 PM,TODO
18/10/2020 2:01:35 PM,226 Nothing to do
18/10/2020 2:01:35 PM,EVENT 2626 1602972152 0/0/0/0/0 SIGNON 16773 01DDB957 OK 26 1278 0 v:262
18/10/2020 2:01:35 PM,252 Event OK
18/10/2020 2:01:35 PM,EVENT 2627 1602974957 -319764928/1159600001/11001/20/9 REPORT 2626 2 113 v:256
18/10/2020 2:01:35 PM,252 Event OK
18/10/2020 2:01:35 PM,EVENT 2628 1602976787 -319765610/1159602480/12007/16/0 REPORT 2626 2 98 v:258
18/10/2020 2:01:35 PM,252 Event OK
18/10/2020 2:01:35 PM,EVENT 2629 1602978617 -319764244/1159598185/5410/22/0 REPORT 2626 0 8 v:260
18/10/2020 2:01:35 PM,252 Event OK
18/10/2020 2:01:36 PM,EVENT 2630 1602980447 -319771540/1159601257/13400/17/4 REPORT 2626 3 115 v:249
18/10/2020 2:01:36 PM,252 Event OK
18/10/2020 2:01:36 PM,EVENT 2631 1602982277 -319767412/1159584765/14268/24/0 REPORT 2626 1 3 v:259
18/10/2020 2:01:36 PM,252 Event OK
18/10/2020 2:01:36 PM,EVENT 2632 1602984107 -319773875/1159584256/17216/16/0 REPORT 2626 1 47 v:259
18/10/2020 2:01:36 PM,252 Event OK
18/10/2020 2:01:36 PM,EVENT 2633 1602985937 -319764071/1159599397/8537/26/0 REPORT 2626 0 13 v:258
18/10/2020 2:01:36 PM,252 Event OK
18/10/2020 2:01:36 PM,EVENT 2634 1602986621 -319765868/1159570691/11119/23/0 XSIDLESTART 2626 v:260
18/10/2020 2:01:36 PM,252 Event OK
18/10/2020 2:01:36 PM,EVENT 2635 1602987306 -319767840/1159569236/9930/27/0 XSIDLE 2626 985 v:260
18/10/2020 2:01:36 PM,252 Event OK
18/10/2020 2:01:36 PM,EVENT 2636 1602987767 -319765411/1159600830/11501/18/0 REPORT 2626 0 126 v:258
18/10/2020 2:01:36 PM,252 Event OK
18/10/2020 2:01:36 PM,EVENT 2637 1602989597 -319769756/1159600600/12858/19/0 REPORT 2626 1 27 v:259
18/10/2020 2:01:36 PM,252 Event OK
18/10/2020 2:01:36 PM,EVENT 2638 1602991427 -319768672/1159597841/12976/20/0 REPORT 2626 0 30 v:258
18/10/2020 2:01:36 PM,252 Event OK
18/10/2020 2:01:36 PM,EVENT 2639 1602993257 0/0/0/20/0 REPORT 2626 0 0 v:256
18/10/2020 2:01:36 PM,252 Event OK
18/10/2020 2:01:39 PM,EVENT 2640 1602994601 -319775541/1159571548/7270/16/0 TRIP 2626 7370 0 14122 985 21492 v:256
18/10/2020 2:01:39 PM,252 Event OK
18/10/2020 2:01:39 PM,QUIT
18/10/2020 2:01:39 PM,221 Session ended - goodbye
19/10/2020 2:01:15 PM,UNIT 11130
19/10/2020 2:01:15 PM,333 CHAL 3027847A
19/10/2020 2:01:15 PM,RESP 2f94bbf6
19/10/2020 2:01:15 PM,230 Auth OK
19/10/2020 2:01:18 PM,EVSEQ
19/10/2020 2:01:18 PM,214 EVSEQ 2640
19/10/2020 2:01:18 PM,TODO
19/10/2020 2:01:18 PM,226 Nothing to do
19/10/2020 2:01:18 PM,QUIT
19/10/2020 2:01:18 PM,221 Session ended - goodbye
19/10/2020 2:01:20 PM,UNIT 11130
19/10/2020 2:01:20 PM,333 CHAL 299BB6FD
19/10/2020 2:01:20 PM,RESP 68bdd455
19/10/2020 2:01:20 PM,230 Auth OK
19/10/2020 2:01:20 PM,EVCOUNT 25
19/10/2020 2:01:20 PM,252 Event OK
19/10/2020 2:01:20 PM,TODO
19/10/2020 2:01:20 PM,226 Nothing to do
19/10/2020 2:01:20 PM,EVENT 2641 1603058635 0/0/0/0/0 SIGNON 16777 01DDB94F OK_CL 26 3605 0 v:260
19/10/2020 2:01:20 PM,252 Event OK
19/10/2020 2:01:20 PM,EVENT 2642 1603058677 0/0/0/19/0 CHECKLIST 2641 OK 0 42 6529 F v:260
19/10/2020 2:01:20 PM,252 Event OK
19/10/2020 2:01:21 PM,EVENT 2643 1603061416 -319769518/1159572094/16999/19/0 REPORT 2641 3 94 v:257
19/10/2020 2:01:21 PM,252 Event OK
19/10/2020 2:01:21 PM,EVENT 2644 1603061598 -319782183/1159570518/31739/22/1 IMPACT 2641 11 0 0 0 11 0 - v:252
19/10/2020 2:01:21 PM,252 Event OK
19/10/2020 2:01:21 PM,EVENT 2645 1603063246 -319767371/1159586074/11427/25/0 REPORT 2641 0 70 v:257
19/10/2020 2:01:21 PM,252 Event OK
19/10/2020 2:01:21 PM,EVENT 2646 1603065076 -319766796/1159585047/8557/20/1 REPORT 2641 0 77 v:255
19/10/2020 2:01:21 PM,252 Event OK
19/10/2020 2:01:21 PM,EVENT 2647 1603066906 -319777314/1159587907/23318/21/0 REPORT 2641 6 87 v:256
19/10/2020 2:01:21 PM,252 Event OK
19/10/2020 2:01:21 PM,EVENT 2648 1603068736 -319769608/1159600275/46087/18/0 REPORT 2641 21 217 v:255
19/10/2020 2:01:21 PM,252 Event OK
19/10/2020 2:01:22 PM,EVENT 2649 1603070566 -319773294/1159593314/20398/15/0 REPORT 2641 2 63 v:257
19/10/2020 2:01:22 PM,252 Event OK
19/10/2020 2:01:22 PM,EVENT 2650 1603072396 -319765868/1159586182/34181/19/6 REPORT 2641 9 153 v:249
19/10/2020 2:01:22 PM,252 Event OK
19/10/2020 2:01:22 PM,EVENT 2651 1603072826 -319771665/1159569556/10964/24/0 XSIDLESTART 2641 v:258
19/10/2020 2:01:22 PM,252 Event OK
19/10/2020 2:01:22 PM,EVENT 2652 1603073268 -319774252/1159570559/8410/23/0 XSIDLE 2641 741 v:258
19/10/2020 2:01:22 PM,252 Event OK
19/10/2020 2:01:22 PM,EVENT 2653 1603074226 -319771972/1159583851/16289/23/0 REPORT 2641 2 165 v:255
19/10/2020 2:01:22 PM,252 Event OK
19/10/2020 2:01:22 PM,EVENT 2654 1603076056 -319776123/1159580627/12544/20/1 REPORT 2641 0 56 v:253
19/10/2020 2:01:22 PM,252 Event OK
19/10/2020 2:01:22 PM,EVENT 2655 1603077886 -319772379/1159575890/19833/19/7 REPORT 2641 2 26 v:241
19/10/2020 2:01:22 PM,252 Event OK
19/10/2020 2:01:23 PM,EVENT 2656 1603079505 -319773060/1159567825/8467/23/0 XSIDLESTART 2641 v:257
19/10/2020 2:01:23 PM,252 Event OK
19/10/2020 2:01:23 PM,EVENT 2657 1603079716 -319772106/1159568717/8118/23/0 REPORT 2641 0 53 v:257
19/10/2020 2:01:23 PM,252 Event OK
19/10/2020 2:01:23 PM,EVENT 2658 1603081125 -319769952/1159569994/10455/22/0 XSIDLE 2641 1920 v:257
19/10/2020 2:01:23 PM,252 Event OK
19/10/2020 2:01:23 PM,EVENT 2659 1603081546 -319767296/1159605436/33077/19/0 REPORT 2641 0 25 v:256
19/10/2020 2:01:23 PM,252 Event OK
19/10/2020 2:01:23 PM,EVENT 2660 1603083376 -319766970/1159602715/19143/23/0 REPORT 2641 2 91 v:256
19/10/2020 2:01:23 PM,252 Event OK
19/10/2020 2:01:23 PM,EVENT 2661 1603085206 -319764015/1159598546/17281/21/4 REPORT 2641 1 20 v:246
19/10/2020 2:01:23 PM,252 Event OK
19/10/2020 2:01:23 PM,EVENT 2662 1603085721 -319768232/1159585607/27958/20/1 IMPACT 2641 11 0 0 0 11 0 - v:250
19/10/2020 2:01:23 PM,252 Event OK
19/10/2020 2:01:23 PM,EVENT 2663 1603087036 -319772955/1159586345/12073/18/0 REPORT 2641 2 5 v:254
19/10/2020 2:01:23 PM,252 Event OK
19/10/2020 2:01:23 PM,EVENT 2664 1603088866 -319773119/1159577297/11721/20/4 REPORT 2641 1 246 v:252
19/10/2020 2:01:23 PM,252 Event OK
19/10/2020 2:01:24 PM,EVENT 2665 1603088920 -319772118/1159570476/9874/20/0 TRIP 2641 10647 0 18670 1920 29317 v:254
19/10/2020 2:01:24 PM,252 Event OK
19/10/2020 2:01:24 PM,QUIT
19/10/2020 2:01:24 PM,221 Session ended - goodbye
